# vtk DataFile Version 3.0
eMachineSim structural displacement result
ASCII
DATASET UNSTRUCTURED_GRID
POINTS 431 double
0.000000000000000e+00 0.000000000000000e+00 0.000000000000000e+00
0.000000000000000e+00 4.000000000000000e-03 0.000000000000000e+00
2.000000000000000e-03 3.464100000000000e-03 0.000000000000000e+00
3.464100000000000e-03 2.000000000000000e-03 0.000000000000000e+00
4.000000000000000e-03 0.000000000000000e+00 0.000000000000000e+00
0.000000000000000e+00 6.300000000000000e-03 0.000000000000000e+00
5.455960000000000e-03 3.150000000000000e-03 0.000000000000000e+00
3.150000000000000e-03 5.455960000000000e-03 0.000000000000000e+00
6.300000000000000e-03 0.000000000000000e+00 0.000000000000000e+00
0.000000000000000e+00 8.000000000000000e-03 0.000000000000000e+00
8.000000000000000e-03 0.000000000000000e+00 0.000000000000000e+00
4.000000000000000e-03 6.928200000000000e-03 0.000000000000000e+00
6.928200000000000e-03 4.000000000000000e-03 0.000000000000000e+00
5.935420000000000e-03 7.735200000000000e-03 0.000000000000000e+00
0.000000000000000e+00 9.400000000000000e-03 0.000000000000000e+00
2.329370000000000e-03 8.693330000000001e-03 0.000000000000000e+00
4.875000000000000e-03 8.443750000000000e-03 0.000000000000000e+00
2.976420000000000e-03 9.608149999999999e-03 0.000000000000000e+00
1.915760000000000e-03 1.004750000000000e-02 0.000000000000000e+00
0.000000000000000e+00 1.100000000000000e-02 0.000000000000000e+00
7.000760000000000e-03 9.123559999999999e-03 0.000000000000000e+00
4.037080000000000e-03 1.004750000000000e-02 0.000000000000000e+00
5.750000000000000e-03 9.959290000000001e-03 0.000000000000000e+00
8.131730000000000e-03 8.131730000000000e-03 0.000000000000000e+00
0.000000000000000e+00 1.250000000000000e-02 0.000000000000000e+00
1.476420000000000e-03 1.110810000000000e-02 0.000000000000000e+00
8.285080000000000e-03 1.009970000000000e-02 0.000000000000000e+00
7.377780000000000e-03 1.100700000000000e-02 0.000000000000000e+00
4.476420000000000e-03 1.110810000000000e-02 0.000000000000000e+00
6.470470000000000e-03 1.191430000000000e-02 0.000000000000000e+00
1.089450000000000e-03 1.245240000000000e-02 0.000000000000000e+00
1.915760000000000e-03 1.216880000000000e-02 0.000000000000000e+00
4.037080000000000e-03 1.216880000000000e-02 0.000000000000000e+00
0.000000000000000e+00 1.380000000000000e-02 0.000000000000000e+00
5.563160000000000e-03 1.282160000000000e-02 0.000000000000000e+00
4.525480000000000e-03 1.272790000000000e-02 0.000000000000000e+00
2.976420000000000e-03 1.260810000000000e-02 0.000000000000000e+00
1.920590000000000e-03 1.366570000000000e-02 0.000000000000000e+00
8.007400000000000e-04 1.527900000000000e-02 0.000000000000000e+00
0.000000000000000e+00 1.530000000000000e-02 0.000000000000000e+00
9.270179999999999e-03 9.270179999999999e-03 0.000000000000000e+00
7.455570000000000e-03 1.108480000000000e-02 0.000000000000000e+00
8.362870000000000e-03 1.017750000000000e-02 0.000000000000000e+00
3.299830000000000e-03 1.395360000000000e-02 0.000000000000000e+00
4.655860000000000e-03 1.372890000000000e-02 0.000000000000000e+00
6.548260000000000e-03 1.199210000000000e-02 0.000000000000000e+00
5.640950000000000e-03 1.289940000000000e-02 0.000000000000000e+00
2.074180000000000e-03 1.517920000000000e-02 0.000000000000000e+00
8.485280000000000e-04 1.640490000000000e-02 0.000000000000000e+00
3.748550000000000e-03 1.463620000000000e-02 0.000000000000000e+00
0.000000000000000e+00 1.700000000000000e-02 0.000000000000000e+00
2.841240000000000e-03 1.554350000000000e-02 0.000000000000000e+00
6.043550000000000e-03 1.330290000000000e-02 0.000000000000000e+00
4.733650000000000e-03 1.380670000000000e-02 0.000000000000000e+00
6.950970000000000e-03 1.239550000000000e-02 0.000000000000000e+00
9.673230000000000e-03 9.673230000000000e-03 0.000000000000000e+00
7.858390000000000e-03 1.148810000000000e-02 0.000000000000000e+00
8.765810000000001e-03 1.058060000000000e-02 0.000000000000000e+00
5.136130000000000e-03 1.421030000000000e-02 0.000000000000000e+00
1.845550000000000e-03 1.653920000000000e-02 0.000000000000000e+00
2.199100000000000e-03 1.689280000000000e-02 0.000000000000000e+00
0.000000000000000e+00 1.820000000000000e-02 0.000000000000000e+00
9.207750000000001e-03 1.102260000000000e-02 0.000000000000000e+00
8.300330000000000e-03 1.193000000000000e-02 0.000000000000000e+00
7.392910000000000e-03 1.283740000000000e-02 0.000000000000000e+00
1.011520000000000e-02 1.011520000000000e-02 0.000000000000000e+00
3.826340000000000e-03 1.471400000000000e-02 0.000000000000000e+00
6.485490000000000e-03 1.374490000000000e-02 0.000000000000000e+00
4.228710000000000e-03 1.511780000000000e-02 0.000000000000000e+00
5.578070000000000e-03 1.465230000000000e-02 0.000000000000000e+00
7.500000000000000e-04 1.834190000000000e-02 0.000000000000000e+00
4.670650000000000e-03 1.555970000000000e-02 0.000000000000000e+00
1.474550000000000e-03 1.761730000000000e-02 0.000000000000000e+00
2.011730000000000e-03 1.652860000000000e-02 0.000000000000000e+00
7.500000000000000e-04 1.978320000000000e-02 0.000000000000000e+00
2.919030000000000e-03 1.562130000000000e-02 0.000000000000000e+00
0.000000000000000e+00 2.113330000000000e-02 0.000000000000000e+00
5.112590000000000e-03 1.600160000000000e-02 0.000000000000000e+00
3.763230000000000e-03 1.646710000000000e-02 0.000000000000000e+00
6.020010000000000e-03 1.509420000000000e-02 0.000000000000000e+00
3.321290000000000e-03 1.602520000000000e-02 0.000000000000000e+00
6.927430000000000e-03 1.418680000000000e-02 0.000000000000000e+00
9.649690000000001e-03 1.146450000000000e-02 0.000000000000000e+00
7.834850000000001e-03 1.327940000000000e-02 0.000000000000000e+00
8.742270000000000e-03 1.237200000000000e-02 0.000000000000000e+00
2.434220000000000e-03 1.695110000000000e-02 0.000000000000000e+00
4.205170000000000e-03 1.690910000000000e-02 0.000000000000000e+00
3.250000000000000e-03 1.867030000000000e-02 0.000000000000000e+00
2.856720000000000e-03 1.737360000000000e-02 0.000000000000000e+00
3.279220000000000e-03 1.779610000000000e-02 0.000000000000000e+00
7.500000000000000e-04 2.122440000000000e-02 0.000000000000000e+00
8.238250000000001e-03 1.368210000000000e-02 0.000000000000000e+00
9.145550000000001e-03 1.277480000000000e-02 0.000000000000000e+00
7.330940000000000e-03 1.458940000000000e-02 0.000000000000000e+00
1.005290000000000e-02 1.186750000000000e-02 0.000000000000000e+00
1.096020000000000e-02 1.096020000000000e-02 0.000000000000000e+00
6.423630000000000e-03 1.549670000000000e-02 0.000000000000000e+00
5.516330000000000e-03 1.640400000000000e-02 0.000000000000000e+00
4.609020000000000e-03 1.731130000000000e-02 0.000000000000000e+00
4.350000000000000e-03 1.849530000000000e-02 0.000000000000000e+00
3.250000000000000e-03 2.002590000000000e-02 0.000000000000000e+00
0.000000000000000e+00 2.406670000000000e-02 0.000000000000000e+00
3.701710000000000e-03 1.821860000000000e-02 0.000000000000000e+00
4.350000000000000e-03 1.985400000000000e-02 0.000000000000000e+00
7.500000000000000e-04 2.266570000000000e-02 0.000000000000000e+00
7.500000000000000e-04 2.410700000000000e-02 0.000000000000000e+00
4.350000000000000e-03 2.121270000000000e-02 0.000000000000000e+00
3.250000000000000e-03 2.138140000000000e-02 0.000000000000000e+00
0.000000000000000e+00 2.700000000000000e-02 0.000000000000000e+00
5.176380000000000e-03 1.931850000000000e-02 0.000000000000000e+00
7.500000000000000e-04 2.554830000000000e-02 0.000000000000000e+00
5.322280000000000e-03 2.134650000000000e-02 0.000000000000000e+00
7.500000000000000e-04 2.698960000000000e-02 0.000000000000000e+00
4.350000000000000e-03 2.257130000000000e-02 0.000000000000000e+00
3.250000000000000e-03 2.273700000000000e-02 0.000000000000000e+00
0.000000000000000e+00 2.725000000000000e-02 0.000000000000000e+00
7.017100000000000e-03 2.085090000000000e-02 0.000000000000000e+00
7.004150000000000e-03 1.873340000000000e-02 0.000000000000000e+00
5.398830000000000e-03 2.338490000000000e-02 0.000000000000000e+00
7.016920000000000e-03 2.295130000000000e-02 0.000000000000000e+00
3.250000000000000e-03 2.409260000000000e-02 0.000000000000000e+00
1.583330000000000e-03 2.692760000000000e-02 0.000000000000000e+00
8.939720000000000e-04 2.723530000000000e-02 0.000000000000000e+00
4.350000000000000e-03 2.393000000000000e-02 0.000000000000000e+00
7.607130000000000e-03 1.631350000000000e-02 0.000000000000000e+00
2.416670000000000e-03 2.686570000000000e-02 0.000000000000000e+00
0.000000000000000e+00 2.750000000000000e-02 0.000000000000000e+00
9.597360000000000e-04 2.748320000000000e-02 0.000000000000000e+00
1.786980000000000e-03 2.719130000000000e-02 0.000000000000000e+00
4.799410000000000e-04 2.749580000000000e-02 0.000000000000000e+00
4.350000000000000e-03 2.528860000000000e-02 0.000000000000000e+00
3.250000000000000e-03 2.544810000000000e-02 0.000000000000000e+00
8.600830000000000e-03 2.240590000000000e-02 0.000000000000000e+00
8.666719999999999e-03 2.022100000000000e-02 0.000000000000000e+00
1.439240000000000e-03 2.746230000000000e-02 0.000000000000000e+00
7.221080000000000e-03 2.497710000000000e-02 0.000000000000000e+00
8.767420000000000e-03 1.797590000000000e-02 0.000000000000000e+00
1.116420000000000e-02 1.411950000000000e-02 0.000000000000000e+00
9.449580000000001e-03 1.532010000000000e-02 0.000000000000000e+00
8.999040000000000e-03 2.439300000000000e-02 0.000000000000000e+00
5.405700000000000e-03 2.543180000000000e-02 0.000000000000000e+00
2.678070000000000e-03 2.711810000000000e-02 0.000000000000000e+00
3.250000000000000e-03 2.680370000000000e-02 0.000000000000000e+00
1.045000000000000e-02 1.705280000000000e-02 0.000000000000000e+00
1.414210000000000e-02 1.414210000000000e-02 0.000000000000000e+00
2.874530000000000e-03 2.734940000000000e-02 0.000000000000000e+00
1.203630000000000e-02 1.597270000000000e-02 0.000000000000000e+00
1.026050000000000e-02 1.946080000000000e-02 0.000000000000000e+00
1.014280000000000e-02 2.175140000000000e-02 0.000000000000000e+00
4.350000000000000e-03 2.664730000000000e-02 0.000000000000000e+00
1.918300000000000e-03 2.743300000000000e-02 0.000000000000000e+00
2.396780000000000e-03 2.739540000000000e-02 0.000000000000000e+00
1.355630000000000e-02 1.555630000000000e-02 0.000000000000000e+00
6.560460000000000e-03 2.619080000000000e-02 0.000000000000000e+00
1.073040000000000e-02 2.368250000000000e-02 0.000000000000000e+00
8.427450000000000e-03 2.565110000000000e-02 0.000000000000000e+00
9.345160000000000e-03 2.533120000000000e-02 0.000000000000000e+00
7.498810000000000e-03 2.593780000000000e-02 0.000000000000000e+00
3.566270000000000e-03 2.701560000000000e-02 0.000000000000000e+00
5.613620000000000e-03 2.641000000000000e-02 0.000000000000000e+00
1.025080000000000e-02 2.497840000000000e-02 0.000000000000000e+00
3.351410000000000e-03 2.729500000000000e-02 0.000000000000000e+00
3.827260000000000e-03 2.723240000000000e-02 0.000000000000000e+00
7.117520000000000e-03 2.656300000000000e-02 0.000000000000000e+00
8.953120000000000e-03 2.600180000000000e-02 0.000000000000000e+00
6.186150000000000e-03 2.679520000000000e-02 0.000000000000000e+00
1.178820000000000e-02 1.857520000000000e-02 0.000000000000000e+00
4.450630000000000e-03 2.688410000000000e-02 0.000000000000000e+00
8.040220000000001e-03 2.629840000000000e-02 0.000000000000000e+00
1.114310000000000e-02 2.459330000000000e-02 0.000000000000000e+00
9.855120000000000e-03 2.567350000000000e-02 0.000000000000000e+00
1.030170000000000e-02 2.549760000000000e-02 0.000000000000000e+00
9.405550000000000e-03 2.584150000000000e-02 0.000000000000000e+00
8.497970000000001e-03 2.615410000000000e-02 0.000000000000000e+00
5.247250000000000e-03 2.699470000000000e-02 0.000000000000000e+00
1.163540000000000e-02 2.099090000000000e-02 0.000000000000000e+00
1.323990000000000e-02 1.757000000000000e-02 0.000000000000000e+00
1.414210000000000e-02 1.697060000000000e-02 0.000000000000000e+00
7.580030000000000e-03 2.643470000000000e-02 0.000000000000000e+00
1.240610000000000e-02 2.284920000000000e-02 0.000000000000000e+00
6.652850000000000e-03 2.668310000000000e-02 0.000000000000000e+00
5.717570000000000e-03 2.689910000000000e-02 0.000000000000000e+00
1.074510000000000e-02 2.531390000000000e-02 0.000000000000000e+00
1.202100000000000e-02 2.417640000000000e-02 0.000000000000000e+00
1.118530000000000e-02 2.512250000000000e-02 0.000000000000000e+00
4.301950000000000e-03 2.716140000000000e-02 0.000000000000000e+00
1.555630000000000e-02 1.755630000000000e-02 0.000000000000000e+00
1.307130000000000e-02 2.012810000000000e-02 0.000000000000000e+00
1.444360000000000e-02 1.916730000000000e-02 0.000000000000000e+00
4.775320000000000e-03 2.708220000000000e-02 0.000000000000000e+00
1.162200000000000e-02 2.492350000000000e-02 0.000000000000000e+00
1.205520000000000e-02 2.471680000000000e-02 0.000000000000000e+00
1.401760000000000e-02 2.189760000000000e-02 0.000000000000000e+00
1.288330000000000e-02 2.372810000000000e-02 0.000000000000000e+00
1.372890000000000e-02 2.324900000000000e-02 0.000000000000000e+00
1.248470000000000e-02 2.450270000000000e-02 0.000000000000000e+00
1.291050000000000e-02 2.428110000000000e-02 0.000000000000000e+00
1.455670000000000e-02 2.273990000000000e-02 0.000000000000000e+00
1.375000000000000e-02 2.381570000000000e-02 0.000000000000000e+00
1.416350000000000e-02 2.357210000000000e-02 0.000000000000000e+00
1.333230000000000e-02 2.405200000000000e-02 0.000000000000000e+00
1.555640000000000e-02 2.083260000000000e-02 0.000000000000000e+00
1.701470000000000e-02 1.965960000000000e-02 0.000000000000000e+00
1.457280000000000e-02 2.332130000000000e-02 0.000000000000000e+00
1.536570000000000e-02 2.220120000000000e-02 0.000000000000000e+00
1.497760000000000e-02 2.306340000000000e-02 0.000000000000000e+00
1.615480000000000e-02 2.163390000000000e-02 0.000000000000000e+00
1.537780000000000e-02 2.279850000000000e-02 0.000000000000000e+00
1.577340000000000e-02 2.252670000000000e-02 0.000000000000000e+00
1.839240000000000e-02 1.976660000000000e-02 0.000000000000000e+00
1.692290000000000e-02 2.103840000000000e-02 0.000000000000000e+00
1.766910000000000e-02 2.041580000000000e-02 0.000000000000000e+00
1.616410000000000e-02 2.224800000000000e-02 0.000000000000000e+00
1.654990000000000e-02 2.196250000000000e-02 0.000000000000000e+00
1.944540000000000e-02 1.944540000000000e-02 0.000000000000000e+00
1.875500000000000e-02 2.011220000000000e-02 0.000000000000000e+00
1.693070000000000e-02 2.167030000000000e-02 0.000000000000000e+00
1.840110000000000e-02 2.043650000000000e-02 0.000000000000000e+00
1.767670000000000e-02 2.106620000000000e-02 0.000000000000000e+00
1.804160000000000e-02 2.075450000000000e-02 0.000000000000000e+00
1.730630000000000e-02 2.137150000000000e-02 0.000000000000000e+00
1.910310000000000e-02 1.978180000000000e-02 0.000000000000000e+00
7.735200000000000e-03 5.935420000000000e-03 0.000000000000000e+00
9.400000000000000e-03 0.000000000000000e+00 0.000000000000000e+00
8.693330000000001e-03 2.329370000000000e-03 0.000000000000000e+00
6.894290000000000e-03 6.894290000000000e-03 0.000000000000000e+00
8.443750000000000e-03 4.875000000000000e-03 0.000000000000000e+00
9.608149999999999e-03 2.976420000000000e-03 0.000000000000000e+00
1.004750000000000e-02 1.915760000000000e-03 0.000000000000000e+00
1.100000000000000e-02 0.000000000000000e+00 0.000000000000000e+00
9.123559999999999e-03 7.000760000000000e-03 0.000000000000000e+00
1.004750000000000e-02 4.037080000000000e-03 0.000000000000000e+00
9.959290000000001e-03 5.750000000000000e-03 0.000000000000000e+00
1.250000000000000e-02 0.000000000000000e+00 0.000000000000000e+00
1.110810000000000e-02 1.476420000000000e-03 0.000000000000000e+00
1.009970000000000e-02 8.285080000000000e-03 0.000000000000000e+00
9.192390000000000e-03 9.192390000000000e-03 0.000000000000000e+00
1.100700000000000e-02 7.377780000000000e-03 0.000000000000000e+00
1.110810000000000e-02 4.476420000000000e-03 0.000000000000000e+00
1.191430000000000e-02 6.470470000000000e-03 0.000000000000000e+00
1.245240000000000e-02 1.089450000000000e-03 0.000000000000000e+00
1.216880000000000e-02 1.915760000000000e-03 0.000000000000000e+00
1.216880000000000e-02 4.037080000000000e-03 0.000000000000000e+00
1.380000000000000e-02 0.000000000000000e+00 0.000000000000000e+00
1.282160000000000e-02 5.563160000000000e-03 0.000000000000000e+00
1.272790000000000e-02 4.525480000000000e-03 0.000000000000000e+00
1.260810000000000e-02 2.976420000000000e-03 0.000000000000000e+00
1.366570000000000e-02 1.920590000000000e-03 0.000000000000000e+00
1.527900000000000e-02 8.007400000000000e-04 0.000000000000000e+00
1.530000000000000e-02 0.000000000000000e+00 0.000000000000000e+00
1.108480000000000e-02 7.455570000000000e-03 0.000000000000000e+00
1.017750000000000e-02 8.362870000000000e-03 0.000000000000000e+00
1.395360000000000e-02 3.299830000000000e-03 0.000000000000000e+00
1.372890000000000e-02 4.655860000000000e-03 0.000000000000000e+00
1.199210000000000e-02 6.548260000000000e-03 0.000000000000000e+00
1.289940000000000e-02 5.640950000000000e-03 0.000000000000000e+00
1.517920000000000e-02 2.074180000000000e-03 0.000000000000000e+00
1.640490000000000e-02 8.485280000000000e-04 0.000000000000000e+00
1.463620000000000e-02 3.748550000000000e-03 0.000000000000000e+00
1.700000000000000e-02 0.000000000000000e+00 0.000000000000000e+00
1.554350000000000e-02 2.841240000000000e-03 0.000000000000000e+00
1.330290000000000e-02 6.043550000000000e-03 0.000000000000000e+00
1.380670000000000e-02 4.733650000000000e-03 0.000000000000000e+00
1.239550000000000e-02 6.950970000000000e-03 0.000000000000000e+00
1.148810000000000e-02 7.858390000000000e-03 0.000000000000000e+00
1.058060000000000e-02 8.765810000000001e-03 0.000000000000000e+00
1.421030000000000e-02 5.136130000000000e-03 0.000000000000000e+00
1.653920000000000e-02 1.845550000000000e-03 0.000000000000000e+00
1.689280000000000e-02 2.199100000000000e-03 0.000000000000000e+00
1.820000000000000e-02 0.000000000000000e+00 0.000000000000000e+00
1.102260000000000e-02 9.207750000000001e-03 0.000000000000000e+00
1.193000000000000e-02 8.300330000000000e-03 0.000000000000000e+00
1.283740000000000e-02 7.392910000000000e-03 0.000000000000000e+00
1.471400000000000e-02 3.826340000000000e-03 0.000000000000000e+00
1.374490000000000e-02 6.485490000000000e-03 0.000000000000000e+00
1.511780000000000e-02 4.228710000000000e-03 0.000000000000000e+00
1.465230000000000e-02 5.578070000000000e-03 0.000000000000000e+00
1.834190000000000e-02 7.500000000000000e-04 0.000000000000000e+00
1.555970000000000e-02 4.670650000000000e-03 0.000000000000000e+00
1.761730000000000e-02 1.474550000000000e-03 0.000000000000000e+00
1.652860000000000e-02 2.011730000000000e-03 0.000000000000000e+00
1.978320000000000e-02 7.500000000000000e-04 0.000000000000000e+00
1.562130000000000e-02 2.919030000000000e-03 0.000000000000000e+00
2.113330000000000e-02 0.000000000000000e+00 0.000000000000000e+00
1.600160000000000e-02 5.112590000000000e-03 0.000000000000000e+00
1.646710000000000e-02 3.763230000000000e-03 0.000000000000000e+00
1.509420000000000e-02 6.020010000000000e-03 0.000000000000000e+00
1.602520000000000e-02 3.321290000000000e-03 0.000000000000000e+00
1.418680000000000e-02 6.927430000000000e-03 0.000000000000000e+00
1.055710000000000e-02 1.055710000000000e-02 0.000000000000000e+00
1.146450000000000e-02 9.649690000000001e-03 0.000000000000000e+00
1.327940000000000e-02 7.834850000000001e-03 0.000000000000000e+00
1.237200000000000e-02 8.742270000000000e-03 0.000000000000000e+00
1.695110000000000e-02 2.434220000000000e-03 0.000000000000000e+00
1.690910000000000e-02 4.205170000000000e-03 0.000000000000000e+00
1.867030000000000e-02 3.250000000000000e-03 0.000000000000000e+00
1.737360000000000e-02 2.856720000000000e-03 0.000000000000000e+00
1.779610000000000e-02 3.279220000000000e-03 0.000000000000000e+00
2.122440000000000e-02 7.500000000000000e-04 0.000000000000000e+00
1.368210000000000e-02 8.238250000000001e-03 0.000000000000000e+00
1.277480000000000e-02 9.145550000000001e-03 0.000000000000000e+00
1.458940000000000e-02 7.330940000000000e-03 0.000000000000000e+00
1.186750000000000e-02 1.005290000000000e-02 0.000000000000000e+00
1.549670000000000e-02 6.423630000000000e-03 0.000000000000000e+00
1.640400000000000e-02 5.516330000000000e-03 0.000000000000000e+00
1.731130000000000e-02 4.609020000000000e-03 0.000000000000000e+00
1.849530000000000e-02 4.350000000000000e-03 0.000000000000000e+00
2.002590000000000e-02 3.250000000000000e-03 0.000000000000000e+00
2.406670000000000e-02 0.000000000000000e+00 0.000000000000000e+00
1.821860000000000e-02 3.701710000000000e-03 0.000000000000000e+00
1.985400000000000e-02 4.350000000000000e-03 0.000000000000000e+00
2.266570000000000e-02 7.500000000000000e-04 0.000000000000000e+00
2.410700000000000e-02 7.500000000000000e-04 0.000000000000000e+00
2.121270000000000e-02 4.350000000000000e-03 0.000000000000000e+00
2.138140000000000e-02 3.250000000000000e-03 0.000000000000000e+00
2.700000000000000e-02 0.000000000000000e+00 0.000000000000000e+00
1.931850000000000e-02 5.176380000000000e-03 0.000000000000000e+00
2.554830000000000e-02 7.500000000000000e-04 0.000000000000000e+00
2.134650000000000e-02 5.322280000000000e-03 0.000000000000000e+00
2.698960000000000e-02 7.500000000000000e-04 0.000000000000000e+00
2.257130000000000e-02 4.350000000000000e-03 0.000000000000000e+00
2.273700000000000e-02 3.250000000000000e-03 0.000000000000000e+00
2.725000000000000e-02 0.000000000000000e+00 0.000000000000000e+00
2.085090000000000e-02 7.017100000000000e-03 0.000000000000000e+00
1.873340000000000e-02 7.004150000000000e-03 0.000000000000000e+00
2.338490000000000e-02 5.398830000000000e-03 0.000000000000000e+00
2.295130000000000e-02 7.016920000000000e-03 0.000000000000000e+00
2.409260000000000e-02 3.250000000000000e-03 0.000000000000000e+00
2.692760000000000e-02 1.583330000000000e-03 0.000000000000000e+00
2.723530000000000e-02 8.939720000000000e-04 0.000000000000000e+00
2.393000000000000e-02 4.350000000000000e-03 0.000000000000000e+00
1.631350000000000e-02 7.607130000000000e-03 0.000000000000000e+00
2.686570000000000e-02 2.416670000000000e-03 0.000000000000000e+00
2.750000000000000e-02 0.000000000000000e+00 0.000000000000000e+00
2.748320000000000e-02 9.597360000000000e-04 0.000000000000000e+00
1.272790000000000e-02 1.272790000000000e-02 0.000000000000000e+00
2.719130000000000e-02 1.786980000000000e-03 0.000000000000000e+00
2.749580000000000e-02 4.799410000000000e-04 0.000000000000000e+00
2.528860000000000e-02 4.350000000000000e-03 0.000000000000000e+00
2.544810000000000e-02 3.250000000000000e-03 0.000000000000000e+00
2.240590000000000e-02 8.600830000000000e-03 0.000000000000000e+00
2.022100000000000e-02 8.666719999999999e-03 0.000000000000000e+00
2.746230000000000e-02 1.439240000000000e-03 0.000000000000000e+00
2.497710000000000e-02 7.221080000000000e-03 0.000000000000000e+00
1.797590000000000e-02 8.767420000000000e-03 0.000000000000000e+00
1.411950000000000e-02 1.116420000000000e-02 0.000000000000000e+00
1.532010000000000e-02 9.449580000000001e-03 0.000000000000000e+00
2.439300000000000e-02 8.999040000000000e-03 0.000000000000000e+00
2.543180000000000e-02 5.405700000000000e-03 0.000000000000000e+00
2.711810000000000e-02 2.678070000000000e-03 0.000000000000000e+00
2.680370000000000e-02 3.250000000000000e-03 0.000000000000000e+00
1.705280000000000e-02 1.045000000000000e-02 0.000000000000000e+00
2.734940000000000e-02 2.874530000000000e-03 0.000000000000000e+00
1.597270000000000e-02 1.203630000000000e-02 0.000000000000000e+00
1.946080000000000e-02 1.026050000000000e-02 0.000000000000000e+00
2.175140000000000e-02 1.014280000000000e-02 0.000000000000000e+00
2.664730000000000e-02 4.350000000000000e-03 0.000000000000000e+00
2.743300000000000e-02 1.918300000000000e-03 0.000000000000000e+00
2.739540000000000e-02 2.396780000000000e-03 0.000000000000000e+00
1.555630000000000e-02 1.355630000000000e-02 0.000000000000000e+00
2.619080000000000e-02 6.560460000000000e-03 0.000000000000000e+00
2.368250000000000e-02 1.073040000000000e-02 0.000000000000000e+00
2.565110000000000e-02 8.427450000000000e-03 0.000000000000000e+00
2.533120000000000e-02 9.345160000000000e-03 0.000000000000000e+00
2.593780000000000e-02 7.498810000000000e-03 0.000000000000000e+00
2.701560000000000e-02 3.566270000000000e-03 0.000000000000000e+00
2.641000000000000e-02 5.613620000000000e-03 0.000000000000000e+00
2.497840000000000e-02 1.025080000000000e-02 0.000000000000000e+00
2.729500000000000e-02 3.351410000000000e-03 0.000000000000000e+00
2.723240000000000e-02 3.827260000000000e-03 0.000000000000000e+00
2.656300000000000e-02 7.117520000000000e-03 0.000000000000000e+00
2.600180000000000e-02 8.953120000000000e-03 0.000000000000000e+00
2.679520000000000e-02 6.186150000000000e-03 0.000000000000000e+00
1.857520000000000e-02 1.178820000000000e-02 0.000000000000000e+00
2.688410000000000e-02 4.450630000000000e-03 0.000000000000000e+00
2.629840000000000e-02 8.040220000000001e-03 0.000000000000000e+00
2.459330000000000e-02 1.114310000000000e-02 0.000000000000000e+00
2.567350000000000e-02 9.855120000000000e-03 0.000000000000000e+00
2.549760000000000e-02 1.030170000000000e-02 0.000000000000000e+00
2.584150000000000e-02 9.405550000000000e-03 0.000000000000000e+00
2.615410000000000e-02 8.497970000000001e-03 0.000000000000000e+00
2.699470000000000e-02 5.247250000000000e-03 0.000000000000000e+00
2.099090000000000e-02 1.163540000000000e-02 0.000000000000000e+00
1.757000000000000e-02 1.323990000000000e-02 0.000000000000000e+00
1.697060000000000e-02 1.414210000000000e-02 0.000000000000000e+00
2.643470000000000e-02 7.580030000000000e-03 0.000000000000000e+00
2.284920000000000e-02 1.240610000000000e-02 0.000000000000000e+00
2.668310000000000e-02 6.652850000000000e-03 0.000000000000000e+00
2.689910000000000e-02 5.717570000000000e-03 0.000000000000000e+00
2.531390000000000e-02 1.074510000000000e-02 0.000000000000000e+00
2.417640000000000e-02 1.202100000000000e-02 0.000000000000000e+00
2.512250000000000e-02 1.118530000000000e-02 0.000000000000000e+00
2.716140000000000e-02 4.301950000000000e-03 0.000000000000000e+00
1.755630000000000e-02 1.555630000000000e-02 0.000000000000000e+00
2.012810000000000e-02 1.307130000000000e-02 0.000000000000000e+00
1.916730000000000e-02 1.444360000000000e-02 0.000000000000000e+00
2.708220000000000e-02 4.775320000000000e-03 0.000000000000000e+00
2.492350000000000e-02 1.162200000000000e-02 0.000000000000000e+00
2.471680000000000e-02 1.205520000000000e-02 0.000000000000000e+00
1.697060000000000e-02 1.697060000000000e-02 0.000000000000000e+00
2.189760000000000e-02 1.401760000000000e-02 0.000000000000000e+00
2.372810000000000e-02 1.288330000000000e-02 0.000000000000000e+00
2.324900000000000e-02 1.372890000000000e-02 0.000000000000000e+00
2.450270000000000e-02 1.248470000000000e-02 0.000000000000000e+00
2.428110000000000e-02 1.291050000000000e-02 0.000000000000000e+00
2.273990000000000e-02 1.455670000000000e-02 0.000000000000000e+00
2.381570000000000e-02 1.375000000000000e-02 0.000000000000000e+00
2.357210000000000e-02 1.416350000000000e-02 0.000000000000000e+00
2.405200000000000e-02 1.333230000000000e-02 0.000000000000000e+00
2.083260000000000e-02 1.555640000000000e-02 0.000000000000000e+00
1.965960000000000e-02 1.701470000000000e-02 0.000000000000000e+00
1.838480000000000e-02 1.838480000000000e-02 0.000000000000000e+00
2.332130000000000e-02 1.457280000000000e-02 0.000000000000000e+00
2.220120000000000e-02 1.536570000000000e-02 0.000000000000000e+00
2.306340000000000e-02 1.497760000000000e-02 0.000000000000000e+00
2.163390000000000e-02 1.615480000000000e-02 0.000000000000000e+00
2.279850000000000e-02 1.537780000000000e-02 0.000000000000000e+00
2.252670000000000e-02 1.577340000000000e-02 0.000000000000000e+00
1.976660000000000e-02 1.839240000000000e-02 0.000000000000000e+00
1.909190000000000e-02 1.909190000000000e-02 0.000000000000000e+00
2.103840000000000e-02 1.692290000000000e-02 0.000000000000000e+00
2.041580000000000e-02 1.766910000000000e-02 0.000000000000000e+00
2.224800000000000e-02 1.616410000000000e-02 0.000000000000000e+00
2.196250000000000e-02 1.654990000000000e-02 0.000000000000000e+00
2.011220000000000e-02 1.875500000000000e-02 0.000000000000000e+00
2.167030000000000e-02 1.693070000000000e-02 0.000000000000000e+00
2.043650000000000e-02 1.840110000000000e-02 0.000000000000000e+00
2.106620000000000e-02 1.767670000000000e-02 0.000000000000000e+00
2.075450000000000e-02 1.804160000000000e-02 0.000000000000000e+00
2.137150000000000e-02 1.730630000000000e-02 0.000000000000000e+00
1.978180000000000e-02 1.910310000000000e-02 0.000000000000000e+00
CELLS 756 2914
2 236 26
2 27 29
2 29 34
2 34 44
2 44 49
2 49 51
2 51 59
2 60 72
2 70 74
2 100 87
2 90 104
2 102 98
2 104 105
2 105 110
2 110 112
2 93 91
2 94 95
2 235 236
2 239 237
2 244 239
2 253 244
2 258 253
2 260 258
2 267 260
2 268 267
2 279 268
2 281 277
2 311 298
2 305 309
2 312 311
2 317 312
2 319 317
2 299 301
2 26 27
2 59 60
2 72 70
2 74 90
2 107 100
2 114 107
2 98 97
2 112 121
2 96 93
2 120 114
2 131 120
2 125 142
2 142 131
2 237 235
2 277 279
2 298 281
2 295 307
2 307 314
2 314 321
2 304 305
2 328 319
2 301 303
2 321 327
2 327 339
2 350 332
2 339 350
2 91 92
2 95 302
2 97 96
2 92 94
2 300 299
2 303 304
2 302 300
2 87 102
2 121 125
2 309 295
2 332 328
2 41 42
2 73 75
2 88 85
2 89 88
2 102 89
2 91 93
2 94 92
2 93 96
2 96 97
2 97 98
2 98 102
2 251 250
2 282 280
2 293 296
2 296 297
2 297 309
2 301 299
2 300 302
2 303 301
2 304 303
2 305 304
2 309 305
2 85 73
2 92 91
2 95 94
2 302 95
2 280 293
2 299 300
2 42 40
2 46 45
2 53 46
2 66 53
2 75 66
2 254 255
2 255 262
2 262 273
2 273 282
2 45 41
2 250 254
2 40 251
3 153 157 163
3 140 118 135
3 155 173 168
3 178 163 157
3 118 119 135
3 168 178 157
3 153 135 157
3 155 168 157
3 106 111 113
3 111 118 113
3 123 114 113
3 116 132 119
3 155 156 164
3 171 170 160
3 119 139 135
3 103 100 87
3 160 169 182
3 109 117 116
3 136 147 133
3 182 171 160
3 156 139 160
3 139 154 160
3 107 100 106
3 109 111 103
3 113 107 106
3 87 99 103
3 98 117 109
3 183 191 190
3 157 135 155
3 135 139 155
3 164 173 155
3 109 116 111
3 120 114 123
3 111 119 118
3 131 120 130
3 118 140 123
3 149 131 130
3 114 107 113
3 124 136 117
3 101 105 110
3 33 37 38
3 39 38 48
3 50 39 48
3 61 50 70
3 70 74 61
3 74 76 61
3 90 104 76
3 110 108 101
3 122 115 108
3 129 115 122
3 122 134 127
3 129 122 127
3 108 112 122
3 112 121 122
3 134 122 128
3 48 47 59
3 60 72 59
3 48 59 72
3 150 128 151
3 44 43 35
3 122 121 128
3 121 141 128
3 151 128 141
3 34 44 35
3 36 32 35
3 28 34 35
3 145 141 161
3 134 128 150
3 29 34 28
3 35 32 28
3 16 21 17
3 9 11 15
3 16 17 15
3 14 9 15
3 15 18 14
3 18 19 14
3 37 33 30
3 18 25 19
3 72 50 48
3 43 36 35
3 145 151 141
3 121 125 141
3 125 142 141
3 15 17 18
3 29 22 27
3 25 31 30
3 43 47 37
3 24 30 33
3 36 43 37
3 24 19 30
3 51 59 47
3 25 30 19
3 43 51 47
3 49 51 43
3 31 36 37
3 44 49 43
3 153 180 165
3 117 133 116
3 163 180 153
3 140 153 159
3 165 181 159
3 140 135 153
3 99 109 103
3 111 106 103
3 106 100 103
3 154 139 132
3 98 109 99
3 87 102 99
3 102 98 99
3 148 179 154
3 198 193 194
3 200 196 193
3 183 179 193
3 198 200 193
3 148 175 179
3 146 176 166
3 203 199 194
3 193 179 194
3 179 192 194
3 117 136 133
3 143 166 147
3 193 195 183
3 198 194 199
3 97 124 117
3 138 143 136
3 172 164 156
3 119 132 139
3 170 172 156
3 155 139 156
3 160 170 156
3 111 116 119
3 133 148 132
3 138 146 143
3 175 192 179
3 207 197 204
3 205 203 197
3 194 192 197
3 207 205 197
3 175 187 192
3 208 207 204
3 136 143 147
3 152 177 176
3 146 166 143
3 192 201 204
3 212 208 204
3 197 192 204
3 192 187 201
3 177 188 176
3 206 212 204
3 216 210 220
3 206 201 210
3 201 202 210
3 218 220 210
3 177 186 188
3 213 212 206
3 204 201 206
3 216 213 206
3 187 188 201
3 216 206 210
3 166 176 187
3 137 146 138
3 92 137 138
3 152 176 146
3 124 138 136
3 137 152 146
3 97 96 124
3 211 218 210
3 188 202 201
3 188 186 202
3 217 211 209
3 219 218 211
3 210 202 211
3 217 219 211
3 209 215 217
3 96 93 124
3 211 202 209
3 202 411 209
3 221 215 209
3 221 209 419
3 93 91 138
3 91 92 138
3 144 152 137
3 214 221 419
3 209 411 419
3 186 399 202
3 335 144 137
3 137 94 335
3 37 30 31
3 154 179 183
3 195 191 183
3 169 154 183
3 15 11 16
3 11 13 16
3 28 21 22
3 16 20 22
3 29 28 22
3 11 225 13
3 21 16 22
3 236 26 23
3 13 225 20
3 92 94 137
3 94 95 335
3 20 27 22
3 23 20 225
3 23 26 20
3 26 27 20
3 16 13 20
3 203 194 197
3 147 166 175
3 176 188 187
3 184 182 169
3 132 148 154
3 190 184 169
3 160 154 169
3 183 190 169
3 116 133 132
3 147 175 148
3 98 97 117
3 93 138 124
3 399 411 202
3 11 12 225
3 161 141 158
3 162 161 158
3 126 115 129
3 162 167 185
3 149 167 158
3 167 162 158
3 141 142 158
3 174 167 159
3 167 149 159
3 39 33 38
3 37 47 38
3 47 48 38
3 70 50 72
3 74 90 76
3 104 101 76
3 101 104 105
3 112 108 110
3 113 118 123
3 140 130 123
3 130 120 123
3 165 159 153
3 181 174 159
3 149 140 159
3 189 185 167
3 142 149 158
3 130 140 149
3 189 167 174
3 142 131 149
3 133 147 148
3 166 187 175
3 196 195 193
3 89 88 78
3 85 80 88
3 98 86 77
3 78 71 86
3 96 97 79
3 73 75 85
3 86 71 77
3 78 68 71
3 97 77 79
3 71 69 77
3 93 96 81
3 98 102 86
3 80 85 75
3 78 88 80
3 102 89 86
3 89 78 86
3 97 98 77
3 80 66 68
3 78 80 68
3 75 66 80
3 77 69 79
3 71 58 69
3 96 79 81
3 69 67 79
3 91 93 83
3 68 53 58
3 71 68 58
3 66 53 68
3 79 67 81
3 69 52 67
3 93 81 83
3 67 64 81
3 92 91 84
3 58 46 52
3 69 58 52
3 53 46 58
3 81 64 83
3 67 54 64
3 91 83 84
3 64 63 83
3 94 92 82
3 56 42 57
3 63 56 57
3 41 42 56
3 82 62 65
3 62 55 65
3 54 41 56
3 64 54 56
3 45 41 54
3 84 63 62
3 63 57 62
3 94 82 289
3 82 65 289
3 52 45 54
3 67 52 54
3 46 45 52
3 83 63 84
3 64 56 63
3 92 84 82
3 84 62 82
3 95 94 289
3 57 40 55
3 62 57 55
3 42 40 57
3 9 5 7
3 3 7 2
3 11 9 7
3 11 7 6
3 8 6 4
3 12 11 6
3 12 6 8
3 10 12 8
3 0 2 1
3 2 5 1
3 0 3 2
3 7 5 2
3 0 4 3
3 6 7 3
3 6 3 4
3 364 360 370
3 325 348 343
3 380 362 375
3 370 385 364
3 326 325 343
3 385 375 364
3 343 360 364
3 375 362 364
3 318 313 320
3 325 318 320
3 321 330 320
3 340 323 326
3 363 362 371
3 377 378 367
3 347 326 343
3 307 310 295
3 376 367 389
3 324 316 323
3 354 344 341
3 378 389 367
3 347 363 367
3 361 347 367
3 307 314 313
3 318 316 310
3 314 320 313
3 306 295 310
3 324 305 316
3 398 390 397
3 343 364 362
3 347 343 362
3 380 371 362
3 323 316 318
3 321 327 330
3 326 318 325
3 327 339 338
3 348 325 330
3 339 356 338
3 314 321 320
3 344 331 324
3 312 308 317
3 247 243 248
3 248 249 257
3 249 259 257
3 259 269 277
3 281 277 269
3 283 281 269
3 311 298 283
3 315 317 308
3 322 329 315
3 322 337 329
3 342 329 334
3 329 337 334
3 319 315 329
3 328 319 329
3 329 342 336
3 256 257 267
3 279 268 267
3 267 257 279
3 336 357 358
3 252 253 245
3 328 329 336
3 349 328 336
3 336 358 349
3 253 244 245
3 242 246 245
3 244 238 245
3 349 352 368
3 336 342 357
3 244 239 238
3 242 245 238
3 231 226 227
3 12 10 224
3 227 226 224
3 10 223 224
3 228 224 223
3 229 228 223
3 243 247 240
3 234 228 229
3 259 279 257
3 246 252 245
3 358 352 349
3 332 328 349
3 350 332 349
3 227 224 228
3 232 239 237
3 241 234 240
3 256 252 247
3 240 233 243
3 252 246 247
3 229 233 240
3 267 260 256
3 240 234 229
3 260 252 256
3 260 258 252
3 246 241 247
3 258 253 252
3 387 360 372
3 341 324 323
3 387 370 360
3 360 348 366
3 388 372 366
3 343 348 360
3 316 306 310
3 313 318 310
3 307 313 310
3 347 361 340
3 316 305 306
3 309 295 306
3 305 309 306
3 386 355 361
3 401 406 402
3 404 408 401
3 386 390 401
3 408 406 401
3 382 355 386
3 383 353 373
3 407 412 402
3 386 401 402
3 400 386 402
3 344 324 341
3 373 351 354
3 403 401 390
3 402 406 407
3 331 304 324
3 351 346 344
3 371 379 363
3 340 326 347
3 379 377 363
3 347 362 363
3 377 367 363
3 323 318 326
3 355 341 340
3 353 346 351
3 400 382 386
3 405 416 413
3 412 414 405
3 400 402 405
3 414 416 405
3 394 382 400
3 416 417 413
3 351 344 354
3 384 359 383
3 373 353 351
3 409 400 413
3 417 422 413
3 400 405 413
3 394 400 409
3 395 384 383
3 422 415 413
3 420 425 429
3 409 415 420
3 410 409 420
3 429 427 420
3 393 384 395
3 422 423 415
3 409 413 415
3 423 425 415
3 395 394 409
3 415 425 420
3 383 373 394
3 353 345 346
3 345 300 346
3 383 359 353
3 346 331 344
3 359 345 353
3 303 304 331
3 427 421 420
3 410 395 409
3 393 395 410
3 421 426 418
3 427 428 421
3 410 420 421
3 428 426 421
3 424 418 426
3 301 303 331
3 410 421 418
3 411 410 418
3 424 430 418
3 418 430 419
3 299 301 346
3 300 299 346
3 359 144 345
3 430 214 419
3 411 418 419
3 399 393 410
3 144 335 345
3 302 345 335
3 240 247 241
3 386 361 390
3 398 403 390
3 361 376 390
3 12 224 226
3 222 12 226
3 231 238 232
3 230 226 232
3 238 239 232
3 225 12 222
3 226 231 232
3 235 236 23
3 225 222 230
3 302 300 345
3 95 302 335
3 237 230 232
3 230 23 225
3 235 23 230
3 237 235 230
3 222 226 230
3 402 412 405
3 373 354 382
3 395 383 394
3 389 391 376
3 355 340 361
3 391 397 376
3 361 367 376
3 397 390 376
3 341 323 340
3 382 354 355
3 304 305 324
3 346 301 331
3 411 399 410
3 349 368 365
3 368 369 365
3 322 333 337
3 374 369 392
3 374 356 365
3 369 374 365
3 350 349 365
3 374 381 366
3 356 374 366
3 243 249 248
3 256 247 248
3 257 256 248
3 259 277 279
3 298 281 283
3 308 311 283
3 311 308 312
3 315 319 317
3 325 320 330
3 338 348 330
3 327 338 330
3 366 372 360
3 381 388 366
3 348 356 366
3 392 396 374
3 356 350 365
3 348 338 356
3 374 396 381
3 339 350 356
3 354 341 355
3 394 373 382
3 403 404 401
3 296 297 285
3 287 293 296
3 294 305 284
3 278 285 294
3 304 303 286
3 282 280 293
3 278 294 284
3 275 285 278
3 284 304 286
3 276 278 284
3 303 301 288
3 309 305 294
3 293 287 282
3 296 285 287
3 297 309 294
3 285 297 294
3 305 304 284
3 273 287 275
3 287 285 275
3 273 282 287
3 276 284 286
3 266 278 276
3 286 303 288
3 274 276 286
3 301 299 291
3 262 275 266
3 275 278 266
3 262 273 275
3 274 286 288
3 261 276 274
3 288 301 291
3 272 274 288
3 299 300 292
3 255 266 261
3 266 276 261
3 255 262 266
3 272 288 291
3 263 274 272
3 291 299 292
3 271 272 291
3 300 302 290
3 251 264 265
3 264 271 265
3 251 250 264
3 270 290 65
3 55 270 65
3 250 263 264
3 263 272 264
3 250 254 263
3 271 292 270
3 265 271 270
3 290 302 289
3 65 290 289
3 254 261 263
3 261 274 263
3 254 255 261
3 271 291 292
3 264 272 271
3 292 300 290
3 270 292 290
3 302 95 289
3 40 265 55
3 265 270 55
3 40 251 265
CELL_TYPES 756
3
3
3
3
3
3
3
3
3
3
3
3
3
3
3
3
3
3
3
3
3
3
3
3
3
3
3
3
3
3
3
3
3
3
3
3
3
3
3
3
3
3
3
3
3
3
3
3
3
3
3
3
3
3
3
3
3
3
3
3
3
3
3
3
3
3
3
3
3
3
3
3
3
3
3
3
3
3
3
3
3
3
3
3
3
3
3
3
3
3
3
3
3
3
3
3
3
3
3
3
3
3
3
3
3
3
3
3
3
3
5
5
5
5
5
5
5
5
5
5
5
5
5
5
5
5
5
5
5
5
5
5
5
5
5
5
5
5
5
5
5
5
5
5
5
5
5
5
5
5
5
5
5
5
5
5
5
5
5
5
5
5
5
5
5
5
5
5
5
5
5
5
5
5
5
5
5
5
5
5
5
5
5
5
5
5
5
5
5
5
5
5
5
5
5
5
5
5
5
5
5
5
5
5
5
5
5
5
5
5
5
5
5
5
5
5
5
5
5
5
5
5
5
5
5
5
5
5
5
5
5
5
5
5
5
5
5
5
5
5
5
5
5
5
5
5
5
5
5
5
5
5
5
5
5
5
5
5
5
5
5
5
5
5
5
5
5
5
5
5
5
5
5
5
5
5
5
5
5
5
5
5
5
5
5
5
5
5
5
5
5
5
5
5
5
5
5
5
5
5
5
5
5
5
5
5
5
5
5
5
5
5
5
5
5
5
5
5
5
5
5
5
5
5
5
5
5
5
5
5
5
5
5
5
5
5
5
5
5
5
5
5
5
5
5
5
5
5
5
5
5
5
5
5
5
5
5
5
5
5
5
5
5
5
5
5
5
5
5
5
5
5
5
5
5
5
5
5
5
5
5
5
5
5
5
5
5
5
5
5
5
5
5
5
5
5
5
5
5
5
5
5
5
5
5
5
5
5
5
5
5
5
5
5
5
5
5
5
5
5
5
5
5
5
5
5
5
5
5
5
5
5
5
5
5
5
5
5
5
5
5
5
5
5
5
5
5
5
5
5
5
5
5
5
5
5
5
5
5
5
5
5
5
5
5
5
5
5
5
5
5
5
5
5
5
5
5
5
5
5
5
5
5
5
5
5
5
5
5
5
5
5
5
5
5
5
5
5
5
5
5
5
5
5
5
5
5
5
5
5
5
5
5
5
5
5
5
5
5
5
5
5
5
5
5
5
5
5
5
5
5
5
5
5
5
5
5
5
5
5
5
5
5
5
5
5
5
5
5
5
5
5
5
5
5
5
5
5
5
5
5
5
5
5
5
5
5
5
5
5
5
5
5
5
5
5
5
5
5
5
5
5
5
5
5
5
5
5
5
5
5
5
5
5
5
5
5
5
5
5
5
5
5
5
5
5
5
5
5
5
5
5
5
5
5
5
5
5
5
5
5
5
5
5
5
5
5
5
5
5
5
5
5
5
5
5
5
5
5
5
5
5
5
5
5
5
5
5
5
5
5
5
5
5
5
5
5
5
5
5
5
5
5
5
5
5
5
5
5
5
5
5
5
5
5
5
5
5
5
5
5
5
5
5
5
5
5
5
5
5
5
5
5
5
5
5
5
5
5
5
5
5
5
5
5
5
5
5
5
5
5
5
5
5
5
5
5
5
5
5
5
5
5
5
5
5
5
5
5
5
5
5
5
5
5
5
5
5
5
5
5
5
5
5
5
5
5
5
5
5
5
5
5
5
5
5
POINT_DATA 431
SCALARS node_id int 1
LOOKUP_TABLE default
1
2
3
4
5
6
7
8
9
10
11
12
13
14
15
16
17
18
19
20
21
22
23
24
25
26
27
28
30
31
32
33
34
35
38
40
41
43
44
45
46
47
48
49
50
52
53
54
55
56
57
58
59
60
61
63
64
65
66
67
69
70
71
72
73
74
75
76
77
78
80
81
83
84
85
87
88
89
90
91
92
93
94
95
96
99
100
101
102
103
105
106
107
108
109
110
111
112
113
114
116
117
119
120
122
125
127
128
129
130
137
141
142
147
148
149
153
155
156
157
158
159
160
161
162
163
164
165
166
167
168
169
170
171
172
173
174
175
176
177
178
179
180
182
183
185
186
187
188
189
190
191
192
193
194
195
196
197
199
200
201
203
205
209
210
211
212
213
216
217
218
219
220
221
222
223
224
225
228
229
230
231
233
234
236
237
239
240
248
250
252
253
264
267
274
275
278
299
300
301
302
305
316
320
321
324
344
345
346
371
372
373
385
397
398
399
427
428
429
430
431
456
1680
1681
1682
1683
1684
1685
1686
1687
1688
1689
1690
1691
1692
1693
1694
1695
1697
1698
1699
1700
1701
1702
1705
1708
1709
1711
1712
1713
1714
1715
1716
1717
1719
1720
1721
1722
1723
1724
1725
1726
1727
1728
1730
1731
1732
1733
1735
1736
1737
1738
1739
1740
1741
1742
1743
1745
1746
1748
1749
1750
1752
1753
1754
1755
1756
1757
1758
1759
1760
1761
1762
1765
1766
1767
1768
1769
1771
1772
1773
1774
1775
1776
1777
1778
1779
1781
1782
1784
1785
1787
1790
1792
1793
1794
1795
1801
1805
1806
1810
1811
1812
1816
1818
1819
1820
1821
1822
1823
1824
1825
1826
1827
1828
1829
1830
1831
1832
1833
1834
1835
1836
1837
1838
1839
1840
1841
1842
1843
1844
1846
1848
1849
1850
1851
1852
1853
1854
1855
1856
1857
1858
1859
1860
1862
1863
1864
1866
1868
1872
1873
1874
1875
1876
1879
1880
1881
1882
1883
1884
1885
1886
1887
1888
1891
1892
1893
1894
1897
1898
1900
1901
1902
1903
1908
1910
1912
1913
1923
1924
1927
1931
1932
1935
1948
1949
1950
1951
1954
1961
1962
1964
1965
1966
1969
1970
1971
1979
1980
1981
1982
1988
1993
1994
1999
2000
2001
2002
2003
2006
SCALARS displacement_magnitude double 1
LOOKUP_TABLE default
0.000000000000000e+00
3.698291900177483e-10
3.140889464673295e-10
2.870636191323487e-10
3.110637323219646e-10
6.089205245010354e-10
4.196117581827921e-10
4.696120873188169e-10
5.188612782070594e-10
7.969610645044637e-10
6.759979810046729e-10
5.655758438935576e-10
4.969589093714306e-10
5.668387393608860e-10
9.829473819139978e-10
7.633471322180932e-10
6.174369984523314e-10
7.347270286969195e-10
9.608277460284920e-10
1.242275912652025e-09
5.922302762035019e-10
7.082609803912908e-10
6.823497669870663e-10
5.471959972171174e-10
1.532914157921879e-09
1.240843456411212e-09
5.538929805779993e-10
6.251955526337362e-10
8.279665168927124e-10
7.449421155442409e-10
1.518944958263645e-09
1.538669475601694e-09
1.111836122297255e-09
1.764478038298397e-09
8.658797048518195e-10
1.031506790500898e-09
1.478035318520953e-09
1.677474579473110e-09
1.967044036964198e-09
2.003495809037839e-09
1.041776722732041e-07
1.036727387809475e-07
1.041063131649824e-07
1.472182544454682e-09
1.087910466671171e-09
1.028575672605415e-07
1.017530562694128e-07
1.808108999769196e-09
2.150220443074261e-09
1.402959223026477e-09
2.372699345985145e-09
1.675565875182247e-09
1.018576592304843e-07
1.003627510788224e-07
1.029775775301570e-07
1.042848571155144e-07
1.038059283343234e-07
1.042427226025417e-07
1.004429882218808e-07
2.047155088172766e-09
2.075022307947880e-09
2.700677208888018e-09
1.043668189708107e-07
1.039322677963761e-07
1.030899161002886e-07
1.043749706967493e-07
9.879817618892041e-08
1.019660044707028e-07
9.884515111838823e-08
1.005328727457581e-07
2.665199229858940e-09
9.890841830294241e-08
2.280870413883309e-09
9.578968657256474e-08
3.383212571654429e-09
9.719224993197344e-08
3.984206044181428e-09
9.899133524461384e-08
9.718950742273576e-08
1.006248437564527e-07
9.719431951320999e-08
1.020693059453073e-07
1.044689552202332e-07
1.031805931071274e-07
1.040407326293447e-07
9.577270751318128e-08
9.718038281877622e-08
9.394520251954139e-08
9.572872514032781e-08
9.560864260903984e-08
4.028772573355131e-09
1.032449451889099e-07
1.041279709488819e-07
1.021662057159683e-07
1.045458164234115e-07
1.044742494682464e-07
1.007132910753940e-07
9.909115267591505e-08
9.722263662720668e-08
9.568599829888695e-08
9.162541296282485e-08
5.231491881524392e-09
9.533600973956730e-08
9.363231031274725e-08
4.642701528052781e-09
5.186996288655122e-09
9.114451391520235e-08
8.859928583194069e-08
5.656721900086115e-09
9.570801337829254e-08
5.664603233332625e-09
9.283877532578999e-08
5.711784511076730e-09
8.803574030558822e-08
8.463998383349969e-08
5.280358206888197e-09
9.633453117229618e-08
9.867389600732404e-08
8.882916688024803e-08
9.315432976468494e-08
7.936782093374582e-08
2.153685113825621e-08
6.267241563830148e-09
8.402483279015359e-08
1.012735028606083e-07
4.084083997976253e-08
5.029924245228080e-09
6.175372237628963e-09
2.208206041890689e-08
5.104132046035201e-09
7.897148938456948e-08
7.190795932143977e-08
9.641222346423495e-08
9.905887047778851e-08
1.348574206367516e-08
8.941580037968223e-08
1.010708480432384e-07
1.044793625058334e-07
1.032673184431703e-07
9.385217911664935e-08
8.314509663296607e-08
4.307145664179057e-08
5.926834969759317e-08
1.027744006904922e-07
1.049605686221292e-07
4.436682281632652e-08
1.039523246039861e-07
1.011104714783596e-07
9.893712057099891e-08
7.222325346016512e-08
2.234093430604594e-08
3.343098372823261e-08
1.043450817016850e-07
8.442347006060793e-08
9.715696194935860e-08
9.044302818559369e-08
9.267556147625539e-08
8.761688746161724e-08
6.144020016823690e-08
7.988061079930963e-08
9.466139670753084e-08
5.430149664190735e-08
6.283925238462180e-08
8.505510436452777e-08
9.076940360358026e-08
8.098299554708054e-08
1.025488563855564e-07
7.163143267390088e-08
8.813678053474243e-08
9.630851721696267e-08
9.292264356584767e-08
9.389378204535869e-08
9.186354945411699e-08
8.951238695612695e-08
7.555785626568190e-08
1.008381958609053e-07
1.034431672153405e-07
1.037875054376412e-07
8.661795228688602e-08
9.957131514220753e-08
8.316787575638802e-08
7.841438664903706e-08
9.480459766166936e-08
9.773800186055742e-08
9.561138466118118e-08
6.830120913364577e-08
1.030567718496716e-07
1.021677347574905e-07
1.029177996824586e-07
7.265309113681714e-08
9.638538418963321e-08
9.708452465866286e-08
1.012396201882164e-07
9.892944925745022e-08
9.992146310777943e-08
9.775000478547892e-08
9.833299259364095e-08
1.007096641420417e-07
9.938527656154104e-08
9.982820134964989e-08
9.888439742413878e-08
1.021051728899481e-07
1.021169381477682e-07
1.002296951945103e-07
1.012704868621234e-07
1.005734098550056e-07
1.016328610408517e-07
1.008636377608473e-07
1.011031848897975e-07
1.015827207704248e-07
1.017263029624779e-07
1.017186060254986e-07
1.012938015146542e-07
1.014334866245207e-07
1.012572073004586e-07
1.014013154826166e-07
1.014962008718654e-07
1.014637109900188e-07
1.015347794540175e-07
1.015228035310074e-07
1.015309524469158e-07
1.013259491083626e-07
5.338382244211436e-10
8.363254174675361e-10
6.454051772181335e-10
5.397237141485297e-10
5.444453706429407e-10
6.291088015360388e-10
8.157339717723739e-10
1.078551170362976e-09
5.618033326706384e-10
6.147533918245742e-10
6.056239319131030e-10
1.327177490832824e-09
1.070030397149529e-09
5.362490582094708e-10
5.191846847173803e-10
5.806005536654666e-10
7.132491678226571e-10
6.376663492337424e-10
1.323683733444091e-09
1.336156345878070e-09
9.632901603816274e-10
1.532596641936320e-09
7.557004560268062e-10
8.910619391859746e-10
1.283313926387133e-09
1.456347391759205e-09
1.702562386121589e-09
1.730153942407081e-09
1.030696965454426e-07
1.038108386459817e-07
1.276073362696970e-09
9.403284561342574e-10
1.019450556322166e-07
1.005233083724532e-07
1.576985047950886e-09
1.851167343840044e-09
1.216630102679568e-09
2.036122320060601e-09
1.463497626198793e-09
1.005834337074018e-07
9.880933461528747e-08
1.020303037416046e-07
1.031786691830200e-07
1.039345809208724e-07
9.883742098725199e-08
1.772890051627505e-09
1.792951259434878e-09
2.289188094394787e-09
1.040457109359740e-07
1.032800184712016e-07
1.021081420357141e-07
9.690522228102718e-08
1.006478282330612e-07
9.689554934515824e-08
9.887734702130437e-08
2.258874630834448e-09
9.690563744102521e-08
1.953251003331225e-09
9.317390908592920e-08
2.842070959046401e-09
9.494056162260942e-08
3.341973989309231e-09
9.694326054752478e-08
9.482916378186148e-08
9.892723786826251e-08
9.488640958246458e-08
1.007130877783733e-07
1.044383544559362e-07
1.041373211601180e-07
1.021698986345949e-07
1.033641560855391e-07
9.310257685291916e-08
9.477942954224492e-08
9.103842246084365e-08
9.301541899759264e-08
9.286012837917381e-08
3.370730665620351e-09
1.022115462572037e-07
1.034313039822569e-07
1.007777802878952e-07
1.042083579144592e-07
9.898183349352283e-08
9.700587692054086e-08
9.478392435561766e-08
9.294390633734843e-08
8.843953861266695e-08
4.306728012918901e-09
9.257692918217591e-08
9.058290036315683e-08
3.853492577214609e-09
4.271280551962060e-09
8.777795790018086e-08
8.510910046696260e-08
4.581588604863072e-09
9.287846797631451e-08
4.613335700478204e-09
8.953125053352647e-08
4.614426639223885e-09
8.433229037755596e-08
8.084689597591784e-08
4.191780548995033e-09
9.340852706700122e-08
9.627556598503605e-08
8.498986043336084e-08
8.966988115722083e-08
7.526425972322432e-08
1.936212695133137e-08
5.256022591383929e-09
7.995187535530781e-08
9.954273755362397e-08
3.698295746229944e-08
3.902819972115648e-09
4.950215171536683e-09
1.047496092543528e-07
1.957123300012102e-08
4.010533723846594e-09
7.447048809066527e-08
6.748539280407965e-08
9.338336237955972e-08
9.658536398953737e-08
1.149459125296200e-08
8.540604778016217e-08
9.916398022317651e-08
1.038798236051804e-07
1.020995797544862e-07
9.041875931797278e-08
7.865609453169925e-08
3.878287257030406e-08
5.440635528292605e-08
1.014162491328837e-07
3.979259289075536e-08
1.031379972061645e-07
9.913816003112107e-08
9.638039943037437e-08
6.717591757954137e-08
1.947625005593775e-08
2.962206775889250e-08
1.039197772069474e-07
7.992720767394177e-08
9.425927544058316e-08
8.654431720934546e-08
8.909122465443111e-08
8.341888291567496e-08
5.632867522157911e-08
7.512073921780913e-08
9.136234144516124e-08
4.929311851990201e-08
5.761428747132267e-08
8.060732783118191e-08
8.692583804172491e-08
7.624514334762891e-08
1.011154112206809e-07
6.651533210856212e-08
8.399080260943218e-08
9.330570318175606e-08
8.938447822760959e-08
9.049580867462013e-08
8.817569144028053e-08
8.551746152567936e-08
7.056906684702854e-08
9.880255212329449e-08
1.025285392416827e-07
1.031633661914417e-07
8.232141544150036e-08
9.729128325738293e-08
7.857507359720631e-08
7.354983141010351e-08
9.155135791865184e-08
9.504574537598923e-08
9.250506503795284e-08
6.310392456490024e-08
1.026480951716368e-07
1.006729612063271e-07
1.019242484521823e-07
6.754318482524566e-08
9.343075005545468e-08
9.428409941640279e-08
1.023913209241279e-07
9.955475561011031e-08
9.655604794711474e-08
9.786163176620757e-08
9.510364025836267e-08
9.584220911016815e-08
9.895827347396634e-08
9.719965454302627e-08
9.780119957622686e-08
9.654744911540584e-08
1.010064400380459e-07
1.016049638400342e-07
1.017709103560687e-07
9.835280892070374e-08
9.982372364298867e-08
9.884937327522484e-08
1.004907699453022e-07
9.928817678996370e-08
9.968091419963134e-08
1.013132592602793e-07
1.014262309444095e-07
1.008889979351794e-07
1.011759843590796e-07
1.000240846873273e-07
1.003106000569410e-07
1.011374506191483e-07
1.005194823006635e-07
1.010605470110026e-07
1.008599216468543e-07
1.009868719158275e-07
1.007084402917910e-07
1.011915735052679e-07
VECTORS displacement double
0.000000000000000e+00 0.000000000000000e+00 0.000000000000000e+00
0.000000000000000e+00 3.698291900177483e-10 0.000000000000000e+00
1.214441130108763e-10 2.896604800589105e-10 0.000000000000000e+00
2.404547445417122e-10 1.568025422521653e-10 0.000000000000000e+00
3.110637323219646e-10 0.000000000000000e+00 0.000000000000000e+00
0.000000000000000e+00 6.089205245010354e-10 0.000000000000000e+00
3.641428936724236e-10 2.085041500621222e-10 0.000000000000000e+00
1.687078929467320e-10 4.382615194303626e-10 0.000000000000000e+00
5.188612782070594e-10 0.000000000000000e+00 0.000000000000000e+00
0.000000000000000e+00 7.969610645044637e-10 0.000000000000000e+00
6.759979810046729e-10 0.000000000000000e+00 0.000000000000000e+00
1.927310813141542e-10 5.317243322355925e-10 0.000000000000000e+00
4.423010194173148e-10 2.265788291655820e-10 0.000000000000000e+00
2.813450209433109e-10 4.920885445025583e-10 0.000000000000000e+00
0.000000000000000e+00 9.829473819139978e-10 0.000000000000000e+00
7.684720986883810e-11 7.594691241919988e-10 0.000000000000000e+00
2.243053008059946e-10 5.752526219741692e-10 0.000000000000000e+00
1.304742634377816e-10 7.230492882772048e-10 0.000000000000000e+00
3.704608533639397e-11 9.601132980536417e-10 0.000000000000000e+00
0.000000000000000e+00 1.242275912652025e-09 0.000000000000000e+00
2.676696417573104e-10 5.282893742387682e-10 0.000000000000000e+00
1.921572332429914e-10 6.816958369076570e-10 0.000000000000000e+00
1.956599701270929e-10 6.536959389480471e-10 0.000000000000000e+00
3.580919289841544e-10 4.137555193188882e-10 0.000000000000000e+00
0.000000000000000e+00 1.532914157921879e-09 0.000000000000000e+00
-4.568863561053153e-11 1.240002028988086e-09 0.000000000000000e+00
2.617615026941053e-10 4.881376339116907e-10 0.000000000000000e+00
1.857721717138029e-10 5.969574350401712e-10 0.000000000000000e+00
9.418273578055287e-11 8.225923445889468e-10 0.000000000000000e+00
1.178203787067283e-10 7.355658460484230e-10 0.000000000000000e+00
-5.278266902823958e-11 1.518027593980031e-09 0.000000000000000e+00
-8.822828139994241e-11 1.536137860190160e-09 0.000000000000000e+00
6.032234444653144e-12 1.111819758320836e-09 0.000000000000000e+00
0.000000000000000e+00 1.764478038298397e-09 0.000000000000000e+00
2.989464430913463e-11 8.653634921325861e-10 0.000000000000000e+00
1.208685358919888e-11 1.031435973204240e-09 0.000000000000000e+00
-7.234541313753039e-11 1.476263710857005e-09 0.000000000000000e+00
-3.934986001559916e-11 1.677012985428330e-09 0.000000000000000e+00
-1.143673724275802e-11 1.967010789090301e-09 0.000000000000000e+00
0.000000000000000e+00 2.003495809037839e-09 0.000000000000000e+00
7.142355782623830e-08 7.583971774542093e-08 0.000000000000000e+00
7.265275400564906e-08 7.395683945205626e-08 0.000000000000000e+00
7.218005769829612e-08 7.502108844502340e-08 0.000000000000000e+00
2.589283682897724e-11 1.471954824441977e-09 0.000000000000000e+00
6.236476765933563e-11 1.086121456950134e-09 0.000000000000000e+00
7.279767792127613e-08 7.266482802585413e-08 0.000000000000000e+00
7.266424316044677e-08 7.122915292270263e-08 0.000000000000000e+00
1.465099538929531e-12 1.808108406188552e-09 0.000000000000000e+00
-2.771377213436169e-11 2.150041836953076e-09 0.000000000000000e+00
7.258027206485564e-11 1.401080542146684e-09 0.000000000000000e+00
0.000000000000000e+00 2.372699345985145e-09 0.000000000000000e+00
3.489598293118968e-11 1.675202457152722e-09 0.000000000000000e+00
7.237034309246551e-08 7.167646883456449e-08 0.000000000000000e+00
7.222680889193642e-08 6.968478945506952e-08 0.000000000000000e+00
7.259770922503118e-08 7.303392423564075e-08 0.000000000000000e+00
7.155865687353860e-08 7.585967341122968e-08 0.000000000000000e+00
7.256384571132770e-08 7.423044559298638e-08 0.000000000000000e+00
7.220727288435804e-08 7.518414033687094e-08 0.000000000000000e+00
7.185742147307121e-08 7.018051625759312e-08 0.000000000000000e+00
-3.681557170400972e-11 2.046824019966482e-09 0.000000000000000e+00
-6.681099595162151e-11 2.073946448031217e-09 0.000000000000000e+00
0.000000000000000e+00 2.700677208888018e-09 0.000000000000000e+00
7.223259106695655e-08 7.533183715959547e-08 0.000000000000000e+00
7.247373037853643e-08 7.449479642442711e-08 0.000000000000000e+00
7.239402700594491e-08 7.339370310474234e-08 0.000000000000000e+00
7.168830140442194e-08 7.586120187352710e-08 0.000000000000000e+00
7.151809738031261e-08 6.816334326716293e-08 0.000000000000000e+00
7.208301159218074e-08 7.211869041740097e-08 0.000000000000000e+00
7.110650587686856e-08 6.866024119969186e-08 0.000000000000000e+00
7.150870594102560e-08 7.066373523353201e-08 0.000000000000000e+00
-6.212236618460391e-11 2.664475135267790e-09 0.000000000000000e+00
7.073461386857437e-08 6.913385286568021e-08 0.000000000000000e+00
-7.760426616923979e-11 2.279549828979518e-09 0.000000000000000e+00
6.962901901861340e-08 6.578346117509905e-08 0.000000000000000e+00
-8.533839408256797e-11 3.382136109546152e-09 0.000000000000000e+00
7.058066911884157e-08 6.681843004423102e-08 0.000000000000000e+00
0.000000000000000e+00 3.984206044181428e-09 0.000000000000000e+00
7.042150321993268e-08 6.957080089920295e-08 0.000000000000000e+00
6.977887515883848e-08 6.765137792123117e-08 0.000000000000000e+00
7.120027559074769e-08 7.110471107326227e-08 0.000000000000000e+00
7.016106638651824e-08 6.726188005952951e-08 0.000000000000000e+00
7.182017022075649e-08 7.252590134302579e-08 0.000000000000000e+00
7.225274561155790e-08 7.545398171335022e-08 0.000000000000000e+00
7.219748888803173e-08 7.371402439292763e-08 0.000000000000000e+00
7.238644270352816e-08 7.473069622838815e-08 0.000000000000000e+00
6.919598215790456e-08 6.621425494263545e-08 0.000000000000000e+00
6.946995485359980e-08 6.795551616640625e-08 0.000000000000000e+00
6.756835706730018e-08 6.527034701657002e-08 0.000000000000000e+00
6.881915268351821e-08 6.654256563219545e-08 0.000000000000000e+00
6.849825967854658e-08 6.670083179806313e-08 0.000000000000000e+00
-9.778620721309644e-11 4.027585667058791e-09 0.000000000000000e+00
7.201574733426960e-08 7.398142228254097e-08 0.000000000000000e+00
7.230294058673846e-08 7.493276397172173e-08 0.000000000000000e+00
7.158823755957575e-08 7.289072529143410e-08 0.000000000000000e+00
7.226858045019020e-08 7.554521832222112e-08 0.000000000000000e+00
7.188604614186946e-08 7.581071937425735e-08 0.000000000000000e+00
7.093827071578492e-08 7.149075987210547e-08 0.000000000000000e+00
7.016313474382058e-08 6.997278800763898e-08 0.000000000000000e+00
6.922457289706619e-08 6.826565446814847e-08 0.000000000000000e+00
6.800184669797421e-08 6.731685610692029e-08 0.000000000000000e+00
6.558660929179154e-08 6.398134870580705e-08 0.000000000000000e+00
0.000000000000000e+00 5.231491881524392e-09 0.000000000000000e+00
6.827557700608382e-08 6.653871307403827e-08 0.000000000000000e+00
6.614381008096055e-08 6.627221078609357e-08 0.000000000000000e+00
-1.000073570297389e-10 4.641624285433231e-09 0.000000000000000e+00
-7.315446477759524e-11 5.186480398382425e-09 0.000000000000000e+00
6.368918067983300e-08 6.519977516195973e-08 0.000000000000000e+00
6.300896469470299e-08 6.228726850674702e-08 0.000000000000000e+00
0.000000000000000e+00 5.656721900086115e-09 0.000000000000000e+00
6.713108523812092e-08 6.821613606450872e-08 0.000000000000000e+00
4.353539170596764e-11 5.664435934914565e-09 0.000000000000000e+00
6.369485860141713e-08 6.754260279066829e-08 0.000000000000000e+00
2.503504942494569e-09 5.133901567412576e-09 0.000000000000000e+00
6.044666811915885e-08 6.400384273186444e-08 0.000000000000000e+00
5.958257573015072e-08 6.011525208044913e-08 0.000000000000000e+00
0.000000000000000e+00 5.280358206888197e-09 0.000000000000000e+00
6.484215943197146e-08 7.124490337129315e-08 0.000000000000000e+00
6.804397491672399e-08 7.146016534263291e-08 0.000000000000000e+00
5.824972880804295e-08 6.706407370886743e-08 0.000000000000000e+00
5.997006073473726e-08 7.128338494614008e-08 0.000000000000000e+00
5.482856587319395e-08 5.738535844673250e-08 0.000000000000000e+00
1.471431935300607e-08 1.572656233666973e-08 0.000000000000000e+00
3.369332709911274e-09 5.284497507741120e-09 0.000000000000000e+00
5.590895465567979e-08 6.272448736117667e-08 0.000000000000000e+00
7.044175873815640e-08 7.276181008972355e-08 0.000000000000000e+00
2.397533328577686e-08 3.306293399092840e-08 0.000000000000000e+00
0.000000000000000e+00 5.029924245228080e-09 0.000000000000000e+00
1.910092570438733e-09 5.872543626541510e-09 0.000000000000000e+00
1.147548770763943e-08 1.886612239481316e-08 0.000000000000000e+00
1.513683193139960e-09 4.874518143793200e-09 0.000000000000000e+00
4.926094507205622e-08 6.172402632869172e-08 0.000000000000000e+00
4.754677468639112e-08 5.394496112423657e-08 0.000000000000000e+00
6.187420906614828e-08 7.393848176529021e-08 0.000000000000000e+00
6.609901153323218e-08 7.378062411409190e-08 0.000000000000000e+00
4.520948766338538e-09 1.270536348398264e-08 0.000000000000000e+00
5.309661190618974e-08 7.194397237866873e-08 0.000000000000000e+00
6.902134920220212e-08 7.383339135165780e-08 0.000000000000000e+00
7.211606451726865e-08 7.559901076182474e-08 0.000000000000000e+00
7.134740543767171e-08 7.465712823137277e-08 0.000000000000000e+00
5.679379318005737e-08 7.471744495875446e-08 0.000000000000000e+00
4.932041630875199e-08 6.693731118917653e-08 0.000000000000000e+00
2.087832813792366e-08 3.767287872476472e-08 0.000000000000000e+00
3.249942669693467e-08 4.956333867130788e-08 0.000000000000000e+00
7.001588362770075e-08 7.523532067534584e-08 0.000000000000000e+00
7.271147938352723e-08 7.569518961822868e-08 0.000000000000000e+00
1.777358846749653e-08 4.065113183914300e-08 0.000000000000000e+00
7.099009778603364e-08 7.593742033346848e-08 0.000000000000000e+00
6.739919273918514e-08 7.537026111592259e-08 0.000000000000000e+00
6.383677546824222e-08 7.558716772506827e-08 0.000000000000000e+00
3.789476422411136e-08 6.148321059256960e-08 0.000000000000000e+00
7.721118545335614e-09 2.096429522011019e-08 0.000000000000000e+00
1.234967497215948e-08 3.106631940091023e-08 0.000000000000000e+00
7.134212073302126e-08 7.614589867252431e-08 0.000000000000000e+00
4.672077054281596e-08 7.031708111803208e-08 0.000000000000000e+00
6.017123092175781e-08 7.628170307871745e-08 0.000000000000000e+00
5.222620230844470e-08 7.384013231175510e-08 0.000000000000000e+00
5.451464512669224e-08 7.494606835351673e-08 0.000000000000000e+00
4.959886650318503e-08 7.222652843700112e-08 0.000000000000000e+00
3.021063984826000e-08 5.349967697726541e-08 0.000000000000000e+00
4.316843748823656e-08 6.721159116175569e-08 0.000000000000000e+00
5.664594431769924e-08 7.584205310364857e-08 0.000000000000000e+00
2.296778983972430e-08 4.920501160887306e-08 0.000000000000000e+00
2.865566982651861e-08 5.592516631224039e-08 0.000000000000000e+00
4.639950156753413e-08 7.128433932319993e-08 0.000000000000000e+00
5.204813787686246e-08 7.436448059457394e-08 0.000000000000000e+00
4.266377211656923e-08 6.883348107254141e-08 0.000000000000000e+00
6.859223069231486e-08 7.623236736870856e-08 0.000000000000000e+00
3.600748132279245e-08 6.192352893452010e-08 0.000000000000000e+00
4.938398087543536e-08 7.300215418687305e-08 0.000000000000000e+00
5.858036950154471e-08 7.644390621620853e-08 0.000000000000000e+00
5.436875084330727e-08 7.535686179110663e-08 0.000000000000000e+00
5.545013945988227e-08 7.577152724250006e-08 0.000000000000000e+00
5.322336673798170e-08 7.487446127608067e-08 0.000000000000000e+00
5.074342483001421e-08 7.373989595262597e-08 0.000000000000000e+00
3.816797314576382e-08 6.520886035969113e-08 0.000000000000000e+00
6.571757495419268e-08 7.648229917191536e-08 0.000000000000000e+00
6.956636687224836e-08 7.655722985934536e-08 0.000000000000000e+00
6.995743984476048e-08 7.666683047664820e-08 0.000000000000000e+00
4.792920464730382e-08 7.214888079693359e-08 0.000000000000000e+00
6.317243582400058e-08 7.696551273922194e-08 0.000000000000000e+00
4.461290064860873e-08 7.018963351911280e-08 0.000000000000000e+00
4.050485166180575e-08 6.714292982436641e-08 0.000000000000000e+00
5.651169064781283e-08 7.612056593271563e-08 0.000000000000000e+00
6.039097520777314e-08 7.684820831449784e-08 0.000000000000000e+00
5.749243701483245e-08 7.639474172299998e-08 0.000000000000000e+00
3.219920381581216e-08 6.023509311643674e-08 0.000000000000000e+00
7.006592607339818e-08 7.557422991703168e-08 0.000000000000000e+00
6.741053951557439e-08 7.677281542119011e-08 0.000000000000000e+00
6.884291711329876e-08 7.650311271321021e-08 0.000000000000000e+00
3.583701731090844e-08 6.319952406460278e-08 0.000000000000000e+00
5.846085297720383e-08 7.663204913455567e-08 0.000000000000000e+00
5.937290071215080e-08 7.681317327922079e-08 0.000000000000000e+00
6.580185221054154e-08 7.693878697715712e-08 0.000000000000000e+00
6.206157603030272e-08 7.704152588713033e-08 0.000000000000000e+00
6.362028982976302e-08 7.705035698539157e-08 0.000000000000000e+00
6.027831397651848e-08 7.695185702573660e-08 0.000000000000000e+00
6.112031690465914e-08 7.703041148725016e-08 0.000000000000000e+00
6.506335336636020e-08 7.687129828698738e-08 0.000000000000000e+00
6.274947535891361e-08 7.707098377077519e-08 0.000000000000000e+00
6.352432358774575e-08 7.700863651192384e-08 0.000000000000000e+00
6.195623468770861e-08 7.706846979963074e-08 0.000000000000000e+00
6.798933685471228e-08 7.617687578880255e-08 0.000000000000000e+00
6.969776186520105e-08 7.463304259948702e-08 0.000000000000000e+00
6.426229393241487e-08 7.691780923380723e-08 0.000000000000000e+00
6.637202364585027e-08 7.648833889192646e-08 0.000000000000000e+00
6.498121111442417e-08 7.676231479030303e-08 0.000000000000000e+00
6.755390701997835e-08 7.593225987474096e-08 0.000000000000000e+00
6.565407129700261e-08 7.657033593030351e-08 0.000000000000000e+00
6.630540303425075e-08 7.632461937884884e-08 0.000000000000000e+00
7.020605175809664e-08 7.341770532822145e-08 0.000000000000000e+00
6.855268422990781e-08 7.515830093401792e-08 0.000000000000000e+00
6.943952160534760e-08 7.432918438265727e-08 0.000000000000000e+00
6.691432890527063e-08 7.604542597978805e-08 0.000000000000000e+00
6.750168840055134e-08 7.571178423390700e-08 0.000000000000000e+00
7.084175251317629e-08 7.234962426405491e-08 0.000000000000000e+00
7.015148246075276e-08 7.321882469805036e-08 0.000000000000000e+00
6.802157884986009e-08 7.532956658706009e-08 0.000000000000000e+00
6.978239973917860e-08 7.365664487680354e-08 0.000000000000000e+00
6.896084144158191e-08 7.452324326305830e-08 0.000000000000000e+00
6.939437977933533e-08 7.410330418973841e-08 0.000000000000000e+00
6.850942735343388e-08 7.493325475703322e-08 0.000000000000000e+00
7.049965086545846e-08 7.277875507700684e-08 0.000000000000000e+00
4.198905621098850e-10 3.296591659641273e-10 0.000000000000000e+00
8.363254174675361e-10 0.000000000000000e+00 0.000000000000000e+00
6.382960719442947e-10 9.552992892520140e-11 0.000000000000000e+00
3.519797510461791e-10 4.091600450529763e-10 0.000000000000000e+00
4.802308798711875e-10 2.565132815911765e-10 0.000000000000000e+00
6.112060013132432e-10 1.490137850293953e-10 0.000000000000000e+00
8.145870596202964e-10 4.324158880859552e-11 0.000000000000000e+00
1.078551170362976e-09 0.000000000000000e+00 0.000000000000000e+00
4.627536707262754e-10 3.185624347426953e-10 0.000000000000000e+00
5.737834804922341e-10 2.206677372749276e-10 0.000000000000000e+00
5.577749254009226e-10 2.359395674741351e-10 0.000000000000000e+00
1.327177490832824e-09 0.000000000000000e+00 0.000000000000000e+00
1.069358023061006e-09 -3.792715833061847e-11 0.000000000000000e+00
4.374242977497114e-10 3.101983819569604e-10 0.000000000000000e+00
3.409754898795067e-10 3.915206918497617e-10 0.000000000000000e+00
5.348564236359221e-10 2.258884880024598e-10 0.000000000000000e+00
7.024263132854798e-10 1.237806519771230e-10 0.000000000000000e+00
6.240687986479632e-10 1.309828519279418e-10 0.000000000000000e+00
1.323055246241009e-09 -4.078531081935337e-11 0.000000000000000e+00
1.334285748177814e-09 -7.067759786386749e-11 0.000000000000000e+00
9.626321717623978e-10 3.559824400263297e-11 0.000000000000000e+00
1.532596641936320e-09 0.000000000000000e+00 0.000000000000000e+00
7.535818148808771e-10 5.654756864769940e-11 0.000000000000000e+00
8.902944428970207e-10 3.697545689444910e-11 0.000000000000000e+00
1.282450199319117e-09 -4.707568295327611e-11 0.000000000000000e+00
1.456152391536896e-09 -2.383145201657551e-11 0.000000000000000e+00
1.702557515029060e-09 -4.072671618278963e-12 0.000000000000000e+00
1.730153942407081e-09 0.000000000000000e+00 0.000000000000000e+00
6.901487044439371e-08 7.655266163572096e-08 0.000000000000000e+00
7.034679212410425e-08 7.634146355834492e-08 0.000000000000000e+00
1.275587909567078e-09 3.519533990524397e-11 0.000000000000000e+00
9.376448459313165e-10 7.099118476454513e-11 0.000000000000000e+00
6.745482248797736e-08 7.643717218062956e-08 0.000000000000000e+00
6.574770161011292e-08 7.604061585186481e-08 0.000000000000000e+00
1.576930646361654e-09 1.309877956436812e-11 0.000000000000000e+00
1.851049603174800e-09 -2.087825390736451e-11 0.000000000000000e+00
1.214264779546341e-09 7.582777788760687e-11 0.000000000000000e+00
2.036122320060601e-09 0.000000000000000e+00 0.000000000000000e+00
1.462862398575981e-09 4.311501736089396e-11 0.000000000000000e+00
6.631277818622689e-08 7.562831867492211e-08 0.000000000000000e+00
6.393142073846502e-08 7.533961806033538e-08 0.000000000000000e+00
6.794134547874951e-08 7.611935664560813e-08 0.000000000000000e+00
6.940534232445015e-08 7.634616055313439e-08 0.000000000000000e+00
7.062551633606039e-08 7.625243309863780e-08 0.000000000000000e+00
6.454544249186514e-08 7.485133025498351e-08 0.000000000000000e+00
1.772715950307357e-09 -2.484541578762291e-11 0.000000000000000e+00
1.792279956646754e-09 -4.905890043022786e-11 0.000000000000000e+00
2.289188094394787e-09 0.000000000000000e+00 0.000000000000000e+00
7.090020122168923e-08 7.614900807558981e-08 0.000000000000000e+00
6.979694911412430e-08 7.612587017415366e-08 0.000000000000000e+00
6.842875282367980e-08 7.578640021126023e-08 0.000000000000000e+00
6.213551168574655e-08 7.436262699021425e-08 0.000000000000000e+00
6.688206767170800e-08 7.521153071164598e-08 0.000000000000000e+00
6.275087809752183e-08 7.383139427702792e-08 0.000000000000000e+00
6.515605082571997e-08 7.437350868936898e-08 0.000000000000000e+00
2.258324560046538e-09 -4.984756080367184e-11 0.000000000000000e+00
6.335139641688658e-08 7.333009709445310e-08 0.000000000000000e+00
1.952308706720538e-09 -6.066461635596388e-11 0.000000000000000e+00
5.921417595491341e-08 7.193788084405570e-08 0.000000000000000e+00
2.841193779484396e-09 -7.060625803783754e-11 0.000000000000000e+00
6.051717005004375e-08 7.315314327047461e-08 0.000000000000000e+00
3.341973989309231e-09 0.000000000000000e+00 0.000000000000000e+00
6.391660876054899e-08 7.288801609411651e-08 0.000000000000000e+00
6.159424754811547e-08 7.210214263493548e-08 0.000000000000000e+00
6.572659586568497e-08 7.393654703969287e-08 0.000000000000000e+00
6.107899766922532e-08 7.261395711000739e-08 0.000000000000000e+00
6.741782762961737e-08 7.481953332892102e-08 0.000000000000000e+00
7.179977394411160e-08 7.584301116805854e-08 0.000000000000000e+00
7.115154487254734e-08 7.603972199222876e-08 0.000000000000000e+00
6.887914874053318e-08 7.546092403213012e-08 0.000000000000000e+00
7.015900546306150e-08 7.590693456931187e-08 0.000000000000000e+00
5.977394401387539e-08 7.138042752519634e-08 0.000000000000000e+00
6.202785408660175e-08 7.166369779577811e-08 0.000000000000000e+00
5.909517437721468e-08 6.925138792461586e-08 0.000000000000000e+00
6.023167995712720e-08 7.088027159118338e-08 0.000000000000000e+00
6.051066140695411e-08 7.043765540312650e-08 0.000000000000000e+00
3.369825935369237e-09 -7.809216008191916e-11 0.000000000000000e+00
6.926639360015280e-08 7.516227049469164e-08 0.000000000000000e+00
7.047782023923331e-08 7.570278395010542e-08 0.000000000000000e+00
6.789908395433966e-08 7.447063446699525e-08 0.000000000000000e+00
7.136434710220039e-08 7.593755211951917e-08 0.000000000000000e+00
6.623142055974157e-08 7.355815585221068e-08 0.000000000000000e+00
6.443615872216291e-08 7.251290648053870e-08 0.000000000000000e+00
6.245032905494765e-08 7.130181426289385e-08 0.000000000000000e+00
6.144562003924521e-08 6.973525294453661e-08 0.000000000000000e+00
5.785482836548633e-08 6.689073795991135e-08 0.000000000000000e+00
4.306728012918901e-09 0.000000000000000e+00 0.000000000000000e+00
6.048039309799841e-08 7.009001260888172e-08 0.000000000000000e+00
6.042280140998182e-08 6.748590154966811e-08 0.000000000000000e+00
3.852724698613220e-09 -7.692489417454413e-11 0.000000000000000e+00
4.270940214589964e-09 -5.391879975988981e-11 0.000000000000000e+00
5.937700428440353e-08 6.464782483066116e-08 0.000000000000000e+00
5.618721121445435e-08 6.392617834844994e-08 0.000000000000000e+00
4.581588604863072e-09 0.000000000000000e+00 0.000000000000000e+00
6.258492030530714e-08 6.862607058549712e-08 0.000000000000000e+00
4.613175014471594e-09 3.850417070560661e-11 0.000000000000000e+00
6.197800087522234e-08 6.461092964513066e-08 0.000000000000000e+00
3.880212123872741e-09 2.497376039472236e-09 0.000000000000000e+00
5.821042964349209e-08 6.102033334098130e-08 0.000000000000000e+00
5.405848972334320e-08 6.011572404764061e-08 0.000000000000000e+00
4.191780548995033e-09 0.000000000000000e+00 0.000000000000000e+00
6.618790336256721e-08 6.591141310345397e-08 0.000000000000000e+00
6.638981132579621e-08 6.972357964034987e-08 0.000000000000000e+00
6.156005904862295e-08 5.859723121796976e-08 0.000000000000000e+00
6.623359063364698e-08 6.044666292298178e-08 0.000000000000000e+00
5.140070599132850e-08 5.497887062570468e-08 0.000000000000000e+00
1.309051140946066e-08 1.426641058985240e-08 0.000000000000000e+00
3.907634910392711e-09 3.515133409732607e-09 0.000000000000000e+00
5.696688771366802e-08 5.609880637811302e-08 0.000000000000000e+00
6.786151173794822e-08 7.282562615116998e-08 0.000000000000000e+00
2.866020697811161e-08 2.337373908107242e-08 0.000000000000000e+00
3.902819972115648e-09 0.000000000000000e+00 0.000000000000000e+00
4.359368640245864e-09 2.345322004107938e-09 0.000000000000000e+00
7.234891475733653e-08 7.575034767164594e-08 0.000000000000000e+00
1.582258290078622e-08 1.151863843918950e-08 0.000000000000000e+00
3.637470871215179e-09 1.689137771518924e-09 0.000000000000000e+00
5.598999647846830e-08 4.910166892075081e-08 0.000000000000000e+00
4.808377318691551e-08 4.735218049921451e-08 0.000000000000000e+00
6.937094117980261e-08 6.251499731376893e-08 0.000000000000000e+00
6.921993710711296e-08 6.735972716600586e-08 0.000000000000000e+00
1.032950644688971e-08 5.042511738839519e-09 0.000000000000000e+00
6.694748456314838e-08 5.303043756272762e-08 0.000000000000000e+00
6.929662137160846e-08 7.093287841461449e-08 0.000000000000000e+00
7.175029927247638e-08 7.511932046120674e-08 0.000000000000000e+00
7.031831806386979e-08 7.402471432373876e-08 0.000000000000000e+00
7.027629386294093e-08 5.689283397310298e-08 0.000000000000000e+00
6.142294735682997e-08 4.913250192061977e-08 0.000000000000000e+00
3.276355031071187e-08 2.075237277618865e-08 0.000000000000000e+00
4.392651940485257e-08 3.210159479133528e-08 0.000000000000000e+00
7.121285529534822e-08 7.220792774250570e-08 0.000000000000000e+00
3.554298752518800e-08 1.789263778076682e-08 0.000000000000000e+00
7.237063131056023e-08 7.348427172810351e-08 0.000000000000000e+00
7.128862237005566e-08 6.889344740202633e-08 0.000000000000000e+00
7.146337725983035e-08 6.466967685846025e-08 0.000000000000000e+00
5.573616039578650e-08 3.749779096144859e-08 0.000000000000000e+00
1.764791467812796e-08 8.238654244166984e-09 0.000000000000000e+00
2.673161388577950e-08 1.276274725025999e-08 0.000000000000000e+00
7.301539080339361e-08 7.394641844314903e-08 0.000000000000000e+00
6.511605401308429e-08 4.634930459368843e-08 0.000000000000000e+00
7.231970179176899e-08 6.045388109404829e-08 0.000000000000000e+00
6.920419276329060e-08 5.196824554680604e-08 0.000000000000000e+00
7.059550899780238e-08 5.434630088393795e-08 0.000000000000000e+00
6.730972031223714e-08 4.927587217277335e-08 0.000000000000000e+00
4.774592797515970e-08 2.988722158396467e-08 0.000000000000000e+00
6.175236244192029e-08 4.277582487190398e-08 0.000000000000000e+00
7.174341220215384e-08 5.656819106117916e-08 0.000000000000000e+00
4.363970352239440e-08 2.292133961823838e-08 0.000000000000000e+00
5.015992020591180e-08 2.834410918982582e-08 0.000000000000000e+00
6.625300242297949e-08 4.591384290194308e-08 0.000000000000000e+00
6.989107800503330e-08 5.168499332060072e-08 0.000000000000000e+00
6.352879211359012e-08 4.215939345731541e-08 0.000000000000000e+00
7.262175344692765e-08 7.035913098256006e-08 0.000000000000000e+00
5.619113153322121e-08 3.559278216898121e-08 0.000000000000000e+00
6.825182182417340e-08 4.895042125107697e-08 0.000000000000000e+00
7.260549935401296e-08 5.860371754245959e-08 0.000000000000000e+00
7.115262029070948e-08 5.410073542742400e-08 0.000000000000000e+00
7.169000393625041e-08 5.522711945497295e-08 0.000000000000000e+00
7.053983383936089e-08 5.290637393440338e-08 0.000000000000000e+00
6.912906693145690e-08 5.034290745459781e-08 0.000000000000000e+00
5.966602061468623e-08 3.768234572937599e-08 0.000000000000000e+00
7.281635727349456e-08 6.678115317584086e-08 0.000000000000000e+00
7.336994333197836e-08 7.161670736982781e-08 0.000000000000000e+00
7.372129183045807e-08 7.216544363334803e-08 0.000000000000000e+00
6.725859892862721e-08 4.746679165953983e-08 0.000000000000000e+00
7.352807950810602e-08 6.371197157299371e-08 0.000000000000000e+00
6.502272831928086e-08 4.411447599964642e-08 0.000000000000000e+00
6.171794981155392e-08 4.000590420816858e-08 0.000000000000000e+00
7.216678903887660e-08 5.633476454701285e-08 0.000000000000000e+00
7.327772996246828e-08 6.053154554135353e-08 0.000000000000000e+00
7.257033032311716e-08 5.736492146311670e-08 0.000000000000000e+00
5.450243820929886e-08 3.180549519712248e-08 0.000000000000000e+00
7.305823106697472e-08 7.210496734435108e-08 0.000000000000000e+00
7.355067980343086e-08 6.874112756206309e-08 0.000000000000000e+00
7.366590895656004e-08 7.044065786281377e-08 0.000000000000000e+00
5.754299088367240e-08 3.536786700521945e-08 0.000000000000000e+00
7.294061157909640e-08 5.838640456812041e-08 0.000000000000000e+00
7.325511950721061e-08 5.935637176198034e-08 0.000000000000000e+00
7.131257868103183e-08 7.347447667353203e-08 0.000000000000000e+00
7.397764417919053e-08 6.662174964893872e-08 0.000000000000000e+00
7.373584700381829e-08 6.233855357477444e-08 0.000000000000000e+00
7.399567936269851e-08 6.404325419275257e-08 0.000000000000000e+00
7.352437146338874e-08 6.032304030224015e-08 0.000000000000000e+00
7.373160421348374e-08 6.123217771093385e-08 0.000000000000000e+00
7.405628144749968e-08 6.563845722681959e-08 0.000000000000000e+00
7.401802132164619e-08 6.300083620803755e-08 0.000000000000000e+00
7.408001947054412e-08 6.385315461112914e-08 0.000000000000000e+00
7.389396464880371e-08 6.213768517713891e-08 0.000000000000000e+00
7.365077587223566e-08 6.912209590700409e-08 0.000000000000000e+00
7.251688416074270e-08 7.116790139207484e-08 0.000000000000000e+00
7.106519093703022e-08 7.284954929020770e-08 0.000000000000000e+00
7.410572628095768e-08 6.466541854008399e-08 0.000000000000000e+00
7.390178431813182e-08 6.710664703699703e-08 0.000000000000000e+00
7.406613213901547e-08 6.546301755090912e-08 0.000000000000000e+00
7.356810748950741e-08 6.845530223884735e-08 0.000000000000000e+00
7.398593497057844e-08 6.621346899841772e-08 0.000000000000000e+00
7.385393083824173e-08 6.694685620262144e-08 0.000000000000000e+00
7.164399927167854e-08 7.163458571318948e-08 0.000000000000000e+00
7.091511172108140e-08 7.251432446886092e-08 0.000000000000000e+00
7.300785417631990e-08 6.963076283463968e-08 0.000000000000000e+00
7.237854801754968e-08 7.069600835902950e-08 0.000000000000000e+00
7.368586025791391e-08 6.764030984249554e-08 0.000000000000000e+00
7.345655023523791e-08 6.831069983041846e-08 0.000000000000000e+00
7.153957900321358e-08 7.149036686004356e-08 0.000000000000000e+00
7.317763748921504e-08 6.891443748221730e-08 0.000000000000000e+00
7.188632953304421e-08 7.103231509974630e-08 0.000000000000000e+00
7.257737048879685e-08 7.003748344666236e-08 0.000000000000000e+00
7.224724841324246e-08 7.055978596948113e-08 0.000000000000000e+00
7.288818932621609e-08 6.949461707751833e-08 0.000000000000000e+00
7.118347936787266e-08 7.192111521351488e-08 0.000000000000000e+00
CELL_DATA 756
SCALARS element_id int 1
LOOKUP_TABLE default
1
2
3
4
5
6
7
8
9
10
11
12
13
14
15
16
17
18
19
20
21
22
23
24
25
26
27
28
29
30
31
32
33
35
36
37
38
39
40
41
42
43
44
45
46
47
48
50
51
52
53
54
55
56
57
58
59
60
61
62
63
64
65
66
67
68
69
70
71
72
73
74
75
76
77
78
79
80
81
82
83
84
85
86
87
88
89
90
91
92
93
94
95
96
97
98
99
100
101
102
103
104
105
106
107
108
109
110
111
112
949
950
951
952
953
954
955
956
957
958
959
960
961
962
963
964
965
966
967
968
969
970
971
972
973
974
975
976
977
978
979
980
981
982
983
984
985
986
987
988
989
990
991
992
993
994
995
996
997
998
999
1000
1001
1002
1003
1004
1005
1006
1007
1008
1009
1010
1011
1012
1013
1014
1015
1016
1017
1018
1019
1020
1021
1022
1023
1024
1025
1026
1027
1028
1029
1030
1031
1032
1033
1034
1035
1036
1037
1038
1039
1040
1041
1042
1043
1044
1045
1046
1047
1048
1049
1050
1051
1052
1053
1054
1055
1056
1057
1058
1059
1060
1061
1062
1063
1064
1065
1066
1067
1068
1069
1070
1071
1072
1073
1074
1075
1076
1077
1078
1079
1080
1081
1082
1083
1084
1085
1086
1087
1088
1089
1090
1091
1092
1093
1094
1095
1096
1097
1098
1099
1100
1101
1102
1103
1104
1105
1106
1107
1108
1109
1110
1111
1112
1113
1114
1115
1116
1117
1118
1119
1120
1121
1122
1123
1124
1125
1126
1127
1128
1129
1130
1131
1132
1133
1134
1135
1136
1137
1138
1139
1140
1141
1142
1143
1144
1145
1146
1147
1148
1149
1150
1151
1152
1153
1154
1155
1156
1157
1158
1159
1160
1161
1162
1163
1164
1165
1166
1167
1168
1169
1170
1171
1172
1173
1174
1175
1176
1177
1178
1179
1180
1181
1182
1183
1184
1185
1186
1187
1188
1189
1190
1191
1192
1193
1194
1195
1196
1197
1198
1199
1200
1201
1202
1203
1204
1205
1206
1207
1208
1209
1210
1211
1212
1213
1214
1215
1216
1217
1218
1219
1220
1221
1222
1223
1224
1225
1226
1227
1228
1229
1230
1231
1232
1233
1234
1235
1236
1237
1238
1239
1240
1241
1242
1243
1244
1245
1246
1247
1248
1249
1250
1251
1252
1253
1254
1255
1256
1257
1258
1259
1260
1261
1262
1263
1264
1817
1818
1819
1820
1821
1822
1823
1824
1825
1826
1827
1828
1829
1830
1831
3254
3255
3256
3257
3258
3259
3260
3261
3262
3263
3264
3265
3266
3267
3268
3269
3270
3271
3272
3273
3274
3275
3276
3277
3278
3279
3280
3281
3282
3283
3284
3285
3286
3287
3288
3289
3290
3291
3292
3293
3294
3295
3296
3297
3298
3299
3300
3301
3302
3303
3304
3305
3306
3307
3308
3309
3310
3311
3312
3313
3314
3315
3316
3317
3318
3319
3320
3321
3322
3323
3324
3325
3326
3327
3328
3329
3330
3331
3332
3333
3334
3335
3336
3337
3338
3339
3340
3341
3342
3343
3344
3345
3346
3347
3348
3349
3350
3351
3352
3353
3354
3355
3356
3357
3358
3359
3360
3361
3362
3363
3364
3365
3366
3367
3368
3369
3370
3371
3372
3373
3374
3375
3376
3377
3378
3379
3380
3381
3382
3383
3384
3385
3386
3387
3388
3389
3390
3391
3392
3393
3394
3395
3396
3397
3398
3399
3400
3401
3402
3403
3404
3405
3406
3407
3408
3409
3410
3411
3412
3413
3414
3415
3416
3417
3418
3419
3420
3421
3422
3423
3424
3425
3426
3427
3428
3429
3430
3431
3432
3433
3434
3435
3436
3437
3438
3439
3440
3441
3442
3443
3444
3445
3446
3447
3448
3449
3450
3451
3452
3453
3454
3455
3456
3457
3458
3459
3460
3461
3462
3463
3464
3465
3466
3467
3468
3469
3470
3471
3472
3473
3474
3475
3476
3477
3478
3479
3480
3481
3482
3483
3484
3485
3486
3487
3488
3489
3490
3491
3492
3493
3494
3495
3496
3497
3498
3499
3500
3501
3502
3503
3504
3505
3506
3507
3508
3509
3510
3511
3512
3513
3514
3515
3516
3517
3518
3519
3520
3521
3522
3523
3524
3525
3526
3527
3528
3529
3530
3531
3532
3533
3534
3535
3536
3537
3538
3539
3540
3541
3542
3543
3544
3545
3546
3547
3548
3549
3550
3551
3552
3553
3554
3555
3556
3557
3558
3559
3560
3561
3562
3563
3564
3565
3566
3567
3568
SCALARS property_id int 1
LOOKUP_TABLE default
102
102
102
102
102
102
102
102
102
102
102
102
102
102
102
102
102
102
102
102
102
102
102
102
102
102
102
102
102
102
102
102
102
102
102
102
102
102
102
102
102
102
102
102
102
102
102
102
102
102
102
102
102
102
102
102
102
102
102
102
102
102
102
102
102
102
102
102
102
102
104
104
104
104
104
104
104
104
104
104
104
104
104
104
104
104
104
104
104
104
104
104
104
104
104
104
104
104
104
104
104
104
104
104
104
104
104
104
104
104
2
2
2
2
2
2
2
2
2
2
2
2
2
2
2
2
2
2
2
2
2
2
2
2
2
2
2
2
2
2
2
2
2
2
2
2
2
2
2
2
2
2
2
2
2
2
2
2
2
2
2
2
2
2
2
2
2
2
2
2
2
2
2
2
2
2
2
2
2
2
2
2
2
2
2
2
2
2
2
2
2
2
2
2
2
2
2
2
2
2
2
2
2
2
2
2
2
2
2
2
2
2
2
2
2
2
2
2
2
2
2
2
2
2
2
2
2
2
2
2
2
2
2
2
2
2
2
2
2
2
2
2
2
2
2
2
2
2
2
2
2
2
2
2
2
2
2
2
2
2
2
2
2
2
2
2
2
2
2
2
2
2
2
2
2
2
2
2
2
2
2
2
2
2
2
2
2
2
2
2
2
2
2
2
2
2
2
2
2
2
2
2
2
2
2
2
2
2
2
2
2
2
2
2
2
2
2
2
2
2
2
2
2
2
2
2
2
2
2
2
2
2
2
2
2
2
2
2
2
2
2
2
2
2
2
2
2
2
2
2
2
2
2
2
2
2
2
2
2
2
2
2
4
4
4
4
4
4
4
4
4
4
4
4
4
4
4
4
4
4
4
4
4
4
4
4
4
4
4
4
4
4
4
4
4
4
4
4
4
4
4
4
4
4
4
4
4
4
4
4
4
4
4
4
4
4
4
4
4
4
4
4
4
4
4
4
17
17
17
17
17
17
17
17
17
17
17
17
17
17
17
2
2
2
2
2
2
2
2
2
2
2
2
2
2
2
2
2
2
2
2
2
2
2
2
2
2
2
2
2
2
2
2
2
2
2
2
2
2
2
2
2
2
2
2
2
2
2
2
2
2
2
2
2
2
2
2
2
2
2
2
2
2
2
2
2
2
2
2
2
2
2
2
2
2
2
2
2
2
2
2
2
2
2
2
2
2
2
2
2
2
2
2
2
2
2
2
2
2
2
2
2
2
2
2
2
2
2
2
2
2
2
2
2
2
2
2
2
2
2
2
2
2
2
2
2
2
2
2
2
2
2
2
2
2
2
2
2
2
2
2
2
2
2
2
2
2
2
2
2
2
2
2
2
2
2
2
2
2
2
2
2
2
2
2
2
2
2
2
2
2
2
2
2
2
2
2
2
2
2
2
2
2
2
2
2
2
2
2
2
2
2
2
2
2
2
2
2
2
2
2
2
2
2
2
2
2
2
2
2
2
2
2
2
2
2
2
2
2
2
2
2
2
2
2
2
2
2
2
2
2
2
2
2
2
2
2
2
2
2
2
2
2
2
2
2
2
2
2
2
2
2
4
4
4
4
4
4
4
4
4
4
4
4
4
4
4
4
4
4
4
4
4
4
4
4
4
4
4
4
4
4
4
4
4
4
4
4
4
4
4
4
4
4
4
4
4
4
4
4
4
4
4
4
4
4
4
4
4
4
4
4
4
4
4
4
SCALARS element_kind int 1
LOOKUP_TABLE default
2
2
2
2
2
2
2
2
2
2
2
2
2
2
2
2
2
2
2
2
2
2
2
2
2
2
2
2
2
2
2
2
2
2
2
2
2
2
2
2
2
2
2
2
2
2
2
2
2
2
2
2
2
2
2
2
2
2
2
2
2
2
2
2
2
2
2
2
2
2
2
2
2
2
2
2
2
2
2
2
2
2
2
2
2
2
2
2
2
2
2
2
2
2
2
2
2
2
2
2
2
2
2
2
2
2
2
2
2
2
2
2
2
2
2
2
2
2
2
2
2
2
2
2
2
2
2
2
2
2
2
2
2
2
2
2
2
2
2
2
2
2
2
2
2
2
2
2
2
2
2
2
2
2
2
2
2
2
2
2
2
2
2
2
2
2
2
2
2
2
2
2
2
2
2
2
2
2
2
2
2
2
2
2
2
2
2
2
2
2
2
2
2
2
2
2
2
2
2
2
2
2
2
2
2
2
2
2
2
2
2
2
2
2
2
2
2
2
2
2
2
2
2
2
2
2
2
2
2
2
2
2
2
2
2
2
2
2
2
2
2
2
2
2
2
2
2
2
2
2
2
2
2
2
2
2
2
2
2
2
2
2
2
2
2
2
2
2
2
2
2
2
2
2
2
2
2
2
2
2
2
2
2
2
2
2
2
2
2
2
2
2
2
2
2
2
2
2
2
2
2
2
2
2
2
2
2
2
2
2
2
2
2
2
2
2
2
2
2
2
2
2
2
2
2
2
2
2
2
2
2
2
2
2
2
2
2
2
2
2
2
2
2
2
2
2
2
2
2
2
2
2
2
2
2
2
2
2
2
2
2
2
2
2
2
2
2
2
2
2
2
2
2
2
2
2
2
2
2
2
2
2
2
2
2
2
2
2
2
2
2
2
2
2
2
2
2
2
2
2
2
2
2
2
2
2
2
2
2
2
2
2
2
2
2
2
2
2
2
2
2
2
2
2
2
2
2
2
2
2
2
2
2
2
2
2
2
2
2
2
2
2
2
2
2
2
2
2
2
2
2
2
2
2
2
2
2
2
2
2
2
2
2
2
2
2
2
2
2
2
2
2
2
2
2
2
2
2
2
2
2
2
2
2
2
2
2
2
2
2
2
2
2
2
2
2
2
2
2
2
2
2
2
2
2
2
2
2
2
2
2
2
2
2
2
2
2
2
2
2
2
2
2
2
2
2
2
2
2
2
2
2
2
2
2
2
2
2
2
2
2
2
2
2
2
2
2
2
2
2
2
2
2
2
2
2
2
2
2
2
2
2
2
2
2
2
2
2
2
2
2
2
2
2
2
2
2
2
2
2
2
2
2
2
2
2
2
2
2
2
2
2
2
2
2
2
2
2
2
2
2
2
2
2
2
2
2
2
2
2
2
2
2
2
2
2
2
2
2
2
2
2
2
2
2
2
2
2
2
2
2
2
2
2
2
2
2
2
2
2
2
2
2
2
2
2
2
2
2
2
2
2
2
2
2
2
2
2
2
2
2
2
2
2
2
2
2
2
2
2
2
2
2
2
2
2
2
2
2
2
2
2
2
2
2
2
2
2
2
2
2
2
2
2
2
2
2
2
2
2
2
2
2
2
2
2
2
2
2
2
2
2
2
2
2
2
2
2
2
2
2
2
2
2
2
2
2
2
2
2
2
2
2
2
2
2
2
2
2
2
2
2
2
2
2
2
2
2
2
2
2
2
2
2
2
2
SCALARS vtk_cell_type int 1
LOOKUP_TABLE default
3
3
3
3
3
3
3
3
3
3
3
3
3
3
3
3
3
3
3
3
3
3
3
3
3
3
3
3
3
3
3
3
3
3
3
3
3
3
3
3
3
3
3
3
3
3
3
3
3
3
3
3
3
3
3
3
3
3
3
3
3
3
3
3
3
3
3
3
3
3
3
3
3
3
3
3
3
3
3
3
3
3
3
3
3
3
3
3
3
3
3
3
3
3
3
3
3
3
3
3
3
3
3
3
3
3
3
3
3
3
5
5
5
5
5
5
5
5
5
5
5
5
5
5
5
5
5
5
5
5
5
5
5
5
5
5
5
5
5
5
5
5
5
5
5
5
5
5
5
5
5
5
5
5
5
5
5
5
5
5
5
5
5
5
5
5
5
5
5
5
5
5
5
5
5
5
5
5
5
5
5
5
5
5
5
5
5
5
5
5
5
5
5
5
5
5
5
5
5
5
5
5
5
5
5
5
5
5
5
5
5
5
5
5
5
5
5
5
5
5
5
5
5
5
5
5
5
5
5
5
5
5
5
5
5
5
5
5
5
5
5
5
5
5
5
5
5
5
5
5
5
5
5
5
5
5
5
5
5
5
5
5
5
5
5
5
5
5
5
5
5
5
5
5
5
5
5
5
5
5
5
5
5
5
5
5
5
5
5
5
5
5
5
5
5
5
5
5
5
5
5
5
5
5
5
5
5
5
5
5
5
5
5
5
5
5
5
5
5
5
5
5
5
5
5
5
5
5
5
5
5
5
5
5
5
5
5
5
5
5
5
5
5
5
5
5
5
5
5
5
5
5
5
5
5
5
5
5
5
5
5
5
5
5
5
5
5
5
5
5
5
5
5
5
5
5
5
5
5
5
5
5
5
5
5
5
5
5
5
5
5
5
5
5
5
5
5
5
5
5
5
5
5
5
5
5
5
5
5
5
5
5
5
5
5
5
5
5
5
5
5
5
5
5
5
5
5
5
5
5
5
5
5
5
5
5
5
5
5
5
5
5
5
5
5
5
5
5
5
5
5
5
5
5
5
5
5
5
5
5
5
5
5
5
5
5
5
5
5
5
5
5
5
5
5
5
5
5
5
5
5
5
5
5
5
5
5
5
5
5
5
5
5
5
5
5
5
5
5
5
5
5
5
5
5
5
5
5
5
5
5
5
5
5
5
5
5
5
5
5
5
5
5
5
5
5
5
5
5
5
5
5
5
5
5
5
5
5
5
5
5
5
5
5
5
5
5
5
5
5
5
5
5
5
5
5
5
5
5
5
5
5
5
5
5
5
5
5
5
5
5
5
5
5
5
5
5
5
5
5
5
5
5
5
5
5
5
5
5
5
5
5
5
5
5
5
5
5
5
5
5
5
5
5
5
5
5
5
5
5
5
5
5
5
5
5
5
5
5
5
5
5
5
5
5
5
5
5
5
5
5
5
5
5
5
5
5
5
5
5
5
5
5
5
5
5
5
5
5
5
5
5
5
5
5
5
5
5
5
5
5
5
5
5
5
5
5
5
5
5
5
5
5
5
5
5
5
5
5
5
5
5
5
5
5
5
5
5
5
5
5
5
5
5
5
5
5
5
5
5
5
5
5
5
5
5
5
5
5
5
5
5
5
5
5
5
5
5
5
5
5
5
5
5
5
5
5
5
5
5
5
5
5
5
5
5
5
5
5
5
5
5
5
5
5
5
5
5
5
5
5
5
5
5
5
5
SCALARS von_mises double 1
LOOKUP_TABLE default
0.000000000000000e+00
0.000000000000000e+00
0.000000000000000e+00
0.000000000000000e+00
0.000000000000000e+00
0.000000000000000e+00
0.000000000000000e+00
0.000000000000000e+00
0.000000000000000e+00
0.000000000000000e+00
0.000000000000000e+00
0.000000000000000e+00
0.000000000000000e+00
0.000000000000000e+00
0.000000000000000e+00
0.000000000000000e+00
0.000000000000000e+00
0.000000000000000e+00
0.000000000000000e+00
0.000000000000000e+00
0.000000000000000e+00
0.000000000000000e+00
0.000000000000000e+00
0.000000000000000e+00
0.000000000000000e+00
0.000000000000000e+00
0.000000000000000e+00
0.000000000000000e+00
0.000000000000000e+00
0.000000000000000e+00
0.000000000000000e+00
0.000000000000000e+00
0.000000000000000e+00
0.000000000000000e+00
0.000000000000000e+00
0.000000000000000e+00
0.000000000000000e+00
0.000000000000000e+00
0.000000000000000e+00
0.000000000000000e+00
0.000000000000000e+00
0.000000000000000e+00
0.000000000000000e+00
0.000000000000000e+00
0.000000000000000e+00
0.000000000000000e+00
0.000000000000000e+00
0.000000000000000e+00
0.000000000000000e+00
0.000000000000000e+00
0.000000000000000e+00
0.000000000000000e+00
0.000000000000000e+00
0.000000000000000e+00
0.000000000000000e+00
0.000000000000000e+00
0.000000000000000e+00
0.000000000000000e+00
0.000000000000000e+00
0.000000000000000e+00
0.000000000000000e+00
0.000000000000000e+00
0.000000000000000e+00
0.000000000000000e+00
0.000000000000000e+00
0.000000000000000e+00
0.000000000000000e+00
0.000000000000000e+00
0.000000000000000e+00
0.000000000000000e+00
0.000000000000000e+00
0.000000000000000e+00
0.000000000000000e+00
0.000000000000000e+00
0.000000000000000e+00
0.000000000000000e+00
0.000000000000000e+00
0.000000000000000e+00
0.000000000000000e+00
0.000000000000000e+00
0.000000000000000e+00
0.000000000000000e+00
0.000000000000000e+00
0.000000000000000e+00
0.000000000000000e+00
0.000000000000000e+00
0.000000000000000e+00
0.000000000000000e+00
0.000000000000000e+00
0.000000000000000e+00
0.000000000000000e+00
0.000000000000000e+00
0.000000000000000e+00
0.000000000000000e+00
0.000000000000000e+00
0.000000000000000e+00
0.000000000000000e+00
0.000000000000000e+00
0.000000000000000e+00
0.000000000000000e+00
0.000000000000000e+00
0.000000000000000e+00
0.000000000000000e+00
0.000000000000000e+00
0.000000000000000e+00
0.000000000000000e+00
0.000000000000000e+00
0.000000000000000e+00
0.000000000000000e+00
0.000000000000000e+00
4.836669437051680e+05
2.968519990858214e+05
4.600885167190946e+05
5.316915824642510e+05
1.121042436727342e+05
4.963891103880606e+05
4.935477130179295e+05
4.285663274801300e+05
1.851764826068146e+05
1.010015684603736e+05
1.931653985814278e+05
1.189424125679723e+05
3.792423793976311e+05
3.651316691845214e+05
3.199161214860815e+05
2.050122443558032e+05
3.241678194099084e+05
3.826524509691475e+04
5.610823096594679e+04
3.648217727027043e+05
3.608824746287612e+05
2.797550682512895e+05
2.652448880019964e+05
1.070602444994676e+05
1.807629433964900e+05
1.635642815144810e+05
1.232174947825785e+05
3.184477471698883e+05
4.547541326292868e+05
3.015779178455164e+05
4.497457870160540e+05
1.100788203210011e+05
4.318827375262453e+05
9.468606649187456e+04
5.519592987489671e+05
3.993480529504751e+04
1.953481051826982e+05
3.417886623905734e+05
6.571506291146397e+04
6.809223962186094e+04
3.145119329875982e+04
3.367813738237672e+04
4.604543665175665e+04
5.770602514910250e+04
1.021878677538140e+05
8.900354045557833e+04
8.744728037688168e+04
5.101599809093680e+04
7.929023780660952e+05
8.123996747598132e+05
1.411134866771799e+06
6.666860468835124e+05
7.258428014922438e+05
3.224990353430222e+06
1.761243787728831e+06
3.733397923413931e+04
4.189415594750986e+04
4.122776373542404e+04
1.678713558144262e+06
3.637341746340015e+04
1.700070242758785e+06
1.936714550379504e+06
1.800231305938798e+06
2.252076657238521e+04
5.289140787161644e+04
4.109042704142586e+04
1.779994528611416e+06
1.124276375788766e+06
2.443990143769459e+04
6.068018838704155e+04
1.510847049880831e+04
2.221337300507812e+04
1.436172365621166e+04
2.886836924281313e+04
2.911430283927069e+04
3.418574223496602e+04
3.100003492245053e+04
5.315670992525293e+04
4.190999948654988e+04
3.600164167669175e+04
1.977717682940356e+06
1.962359783521206e+06
1.766176607462933e+06
3.667505065055683e+04
2.365462378779605e+04
4.904631797346126e+04
3.061322252653440e+04
3.631300186522486e+04
1.591745065921331e+04
3.933624719319958e+04
4.603843101906813e+04
4.070554187916223e+04
3.041599080470105e+04
3.510739213945301e+04
2.078638440802204e+04
3.526294763076943e+04
6.773880590357854e+05
4.175351676291606e+04
6.376428196074548e+05
6.562237193350266e+05
7.583076476764113e+05
3.253713758516866e+05
1.749516814643426e+05
1.894652979857907e+05
1.626028304461426e+05
2.944947630166573e+05
1.163161435690664e+05
2.292409965387943e+05
1.114244549900946e+05
2.696273270074005e+05
2.845093995032782e+05
3.078267821382274e+05
2.955628404655150e+05
2.945680125295091e+05
1.605273252927183e+05
8.660827260438264e+04
2.892895413138484e+05
2.885975598849836e+05
2.490934172272409e+05
1.114369769907018e+04
7.279204020188085e+04
2.936754557717967e+05
3.001761272011478e+05
6.583330191243500e+04
3.435014557247412e+04
4.005814652759524e+05
1.403888304086674e+05
3.884952173902694e+05
3.837573358371204e+05
3.498899719031255e+05
1.809597945066949e+04
1.457109525930657e+05
4.786801406317951e+04
2.530273739323251e+05
2.739015698813148e+05
2.962801006010050e+05
2.813559112357014e+05
2.852711374461940e+05
1.633927249107464e+05
2.900649065489453e+05
3.574142994740754e+04
1.030492490769615e+05
6.011739245890848e+04
2.442644178561101e+05
2.813736945796298e+05
2.778751921421643e+05
2.465639011431546e+05
6.624101769328125e+04
2.704993567483686e+05
2.690316484239645e+05
2.710244727962152e+05
2.525396131627298e+05
2.607399406363983e+05
1.925486900891355e+05
2.883186099978142e+05
2.738929008670813e+05
2.765266572203842e+05
1.712317085537361e+05
2.660483023380166e+05
7.925743188611786e+04
1.865094293831730e+04
4.565840374532989e+04
1.043523362348778e+05
2.102366575449004e+04
6.860607773699281e+04
1.058101188637743e+05
2.555355267703662e+05
2.547566102037598e+05
1.861805590472645e+05
2.485762740612696e+05
2.580716426984653e+05
2.571187402814283e+05
2.513063338674232e+05
2.426957442793608e+05
9.831029369260695e+04
2.512591698637080e+05
2.429929848394144e+05
2.376640462853412e+05
2.397494833799243e+05
8.685847373331254e+04
7.778646076731745e+04
1.416139517093454e+05
2.325475166154002e+05
2.396952670604584e+05
3.058296226066028e+05
4.327655279443389e+04
1.273753991558046e+04
2.276447011517546e+04
2.614068737387715e+05
3.217051243944137e+05
3.143013398554188e+05
2.101292982490570e+04
1.647586734152572e+04
3.059635361285057e+04
2.103101383332411e+04
2.289820677962702e+04
1.774546910109729e+04
1.272941109185869e+04
1.952284562149523e+04
1.753776314967770e+04
7.437626966033860e+04
7.440335967918442e+04
1.951134696035878e+04
1.946194274915228e+04
1.944691558033765e+04
2.058663087614847e+04
1.678664587133862e+04
2.785298551829061e+05
8.141605894584958e+04
1.628637191516229e+05
3.375046307020630e+05
1.533425722039770e+05
3.362823150876983e+05
3.269084610995970e+05
3.081870405552383e+05
5.385040770313705e+04
1.556216565035857e+05
1.052851821556554e+05
5.784250975744244e+04
2.412773082440913e+05
1.982805558299939e+04
1.688087892644038e+06
2.204544260231887e+06
6.507293398038173e+05
1.211685769169128e+06
1.072152330364476e+06
1.032599324734331e+06
2.157216855394364e+06
7.775498950892944e+05
7.896943341712976e+05
3.233225203412233e+04
2.360313201768505e+04
3.784531616753204e+04
7.273388154730496e+04
9.159203732760977e+04
8.744057474532900e+04
7.734151185384250e+04
6.858668592365856e+05
2.111346232306645e+05
1.998991197127253e+05
1.541861359093821e+05
5.814876717277385e+05
8.169562396218613e+05
6.741105454563682e+05
1.447618233624302e+06
8.784888283099550e+05
5.224556428214745e+05
8.196242675737115e+05
9.012516916737588e+05
7.439399897867125e+04
1.575742148618438e+05
3.035186586785514e+05
8.936895201697633e+04
4.145491829282791e+04
1.235777903427460e+05
1.061360999733067e+05
1.060710622542524e+05
1.354655999184395e+04
1.087726380974551e+05
8.070172015959454e+04
1.079360061984606e+05
1.035276806909545e+05
1.018748883826637e+05
1.376785175387005e+05
1.569820154833911e+04
4.009838796108004e+04
1.871541591076230e+05
7.832390103092190e+04
1.250707999063626e+05
5.759418495220447e+04
7.584656509041114e+04
5.170077885538900e+04
1.043331523924750e+05
9.766709220889550e+04
1.014707336948824e+05
1.062894424190035e+05
8.394140835429577e+04
9.179264098920398e+04
9.531462193663167e+04
9.182069712761955e+04
1.048246837200793e+05
1.086093360541517e+05
9.461135358024616e+04
1.102139712758009e+05
8.913975335974041e+04
1.153487338082512e+05
1.128877624351239e+05
1.240559211794707e+05
9.939418301369309e+04
1.143701252685866e+05
9.345514164639186e+04
1.145696494475096e+05
8.050455458504194e+04
1.505298325892675e+05
1.475018104832203e+05
1.734154113147964e+05
1.217523142190964e+05
1.215437910928385e+05
1.426443375071444e+05
1.378736394147943e+05
1.615145643220042e+05
1.214578271029942e+05
1.253382288259087e+05
9.644650392619068e+04
9.505333668524040e+04
1.308037806157877e+05
1.273205276368840e+05
1.463062012129539e+05
1.034835605864293e+05
1.216515282389481e+05
9.712434910656890e+04
1.018439947112395e+05
7.270863534289171e+04
1.500252951389396e+05
1.495579964014581e+05
1.778608288192966e+05
2.549162247450788e+04
2.188845994132809e+04
2.164615019330844e+04
2.152777007356036e+04
2.340636719625942e+04
2.149448357469474e+04
2.049562096387019e+04
2.283707157463492e+04
2.294018865055788e+04
2.488144387897316e+04
2.354569921128725e+04
2.226131856430540e+04
2.295269529456832e+04
2.249746727418015e+04
2.175479801870555e+04
4.777578562914460e+05
2.948034424183624e+05
4.553507800198304e+05
5.250977039749272e+05
1.110026710703026e+05
4.910496786606977e+05
4.872794581802234e+05
4.240181964682178e+05
1.805985790347174e+05
9.638770175705396e+04
1.877330379654792e+05
1.175817116187829e+05
3.771389662010576e+05
3.637681756962726e+05
3.157437528384028e+05
1.971514716477552e+05
3.220055967334076e+05
4.013143473210247e+04
5.626866053247551e+04
3.620332498545081e+05
3.601307899471402e+05
2.790045218058011e+05
2.602342123567723e+05
1.039579158885341e+05
1.760515040515080e+05
1.601998489253491e+05
1.241361228953945e+05
3.159623845804142e+05
4.495384940154328e+05
2.990694017915599e+05
4.458353879399024e+05
1.095673656700268e+05
4.188720723601256e+05
9.276059161461578e+04
5.297842717421399e+05
4.276801096887472e+04
2.037678755172240e+05
3.340710733939086e+05
6.689991349557927e+04
4.887092749482059e+04
2.652397538574972e+04
2.733780195691631e+04
3.815365802330920e+04
4.477046873092004e+04
8.307213305807649e+04
7.307401372518818e+04
6.885589090492927e+04
3.763051141848579e+04
8.278269704281933e+05
8.398164018318395e+05
1.385841302296084e+06
6.164998127919133e+05
7.148851524566895e+05
3.083589397149637e+06
1.750981521320688e+06
3.067141007867494e+04
3.261104031567465e+04
3.204124738213003e+04
1.664447953302824e+06
3.304285203090046e+04
1.693873299877627e+06
1.922809911662538e+06
1.798663358386390e+06
1.987882170135189e+04
4.832379748316355e+04
3.663388622543977e+04
1.734346748539221e+06
1.147516972560828e+06
2.338603466249101e+04
5.556964080372880e+04
1.555058804146912e+04
2.055952955091031e+04
1.488728014416429e+04
2.581803704307467e+04
2.660045816271742e+04
3.211317111018053e+04
2.613986180093902e+04
4.836520658669516e+04
3.430133467461633e+04
3.253514966163766e+04
1.862556313318105e+06
1.949015638178242e+06
1.851226393209096e+06
3.467934401567045e+04
2.039210780824757e+04
4.415451214958325e+04
2.755085952445952e+04
3.200589519423055e+04
1.431337882634907e+04
3.351446155647418e+04
3.898416874198498e+04
3.686188026491624e+04
2.719841407944238e+04
3.162770449951072e+04
1.801455001236817e+04
3.131272474857269e+04
6.658190548634804e+05
4.230155817392701e+04
6.278256148361227e+05
6.460380202540177e+05
7.445268225030269e+05
3.217902204986083e+05
1.714059241137452e+05
1.846976592646736e+05
1.580190440434396e+05
2.932248919055883e+05
1.130823327611241e+05
2.248720035938592e+05
1.083310031594050e+05
2.681567636911926e+05
2.856028268992380e+05
3.087001894744449e+05
2.957722936813540e+05
2.950161626533958e+05
1.594203735046571e+05
8.488681252301563e+04
2.902643467342618e+05
2.896612750693271e+05
2.492383645278085e+05
1.304727964743305e+04
7.163368635644186e+04
2.931916978577996e+05
3.019331068917554e+05
6.682202517444876e+04
3.454089480704036e+04
3.993829117814547e+05
1.375024955103736e+05
3.887538780058685e+05
3.818232795286266e+05
3.482512421794577e+05
1.591006957269025e+04
1.457963592598269e+05
4.659795835343657e+04
2.524155129208809e+05
2.754038427986864e+05
2.981691890797020e+05
2.826143231273826e+05
2.865993449818758e+05
1.636570390260846e+05
2.915015903800127e+05
3.420969662805007e+04
1.048600219564540e+05
5.967423791400755e+04
2.456094152214712e+05
2.831923207923707e+05
2.795203766135197e+05
2.477465017842612e+05
6.543439694938557e+04
2.714586282348957e+05
2.715166227079820e+05
2.731387744074010e+05
2.533853325283501e+05
2.638353562405626e+05
1.893462888067055e+05
2.903011017996764e+05
2.754518601130379e+05
2.781068037584278e+05
1.710170377730818e+05
2.682723706318676e+05
7.780075522652474e+04
1.476477786783019e+04
4.336200118355042e+04
1.040401823823801e+05
2.314990703786616e+04
6.732015870875660e+04
1.071031898295273e+05
2.571598197876808e+05
2.552663242801830e+05
1.851994075771999e+05
2.509742504333947e+05
2.620774242965069e+05
2.595653162385307e+05
2.542493740252896e+05
2.442932951351328e+05
9.898938697211232e+04
2.541118439184213e+05
2.438278615969951e+05
2.384788933396128e+05
2.403041548624213e+05
8.859786710362929e+04
7.838592584253072e+04
1.407267367637249e+05
2.326961129765309e+05
2.400773125258219e+05
3.051514234481699e+05
4.220946927923576e+04
1.154530511017804e+04
1.944796036129944e+04
2.610224090773136e+05
3.199142158859040e+05
3.120180385624137e+05
2.007416140127631e+04
1.612458275914079e+04
2.788960388507113e+04
1.889347934168766e+04
2.179594820928516e+04
1.765906568973384e+04
1.171917198478424e+04
1.976303769304653e+04
1.697479609579669e+04
7.501821978372979e+04
7.418780710763698e+04
1.777535754340605e+04
1.895308345103293e+04
1.897973396031695e+04
2.013669921953356e+04
1.602666097549822e+04
2.795573455204415e+05
7.977489575999138e+04
1.624361141459827e+05
3.348010992351492e+05
1.535941563206837e+05
3.331413121901260e+05
3.246279806367306e+05
3.060933582367753e+05
5.228122537320358e+04
1.547278396543766e+05
1.068926454968690e+05
5.880453677499616e+04
2.418948289345993e+05
1.668490377539778e+06
2.083471069836939e+06
7.303173329896462e+05
1.175353089527197e+06
1.049286438262855e+06
1.008207131877259e+06
2.066528548142537e+06
7.642146195966797e+05
7.723312969137584e+05
2.665830402367020e+04
2.058104364431976e+04
3.086151823196913e+04
5.730289855213250e+04
7.492967023377509e+04
6.761287454380938e+04
5.925954279360660e+04
6.801419549001828e+05
2.061872743345166e+05
1.980073095014711e+05
1.518580827636313e+05
5.737630467618371e+05
8.012860847906834e+05
6.662178171166447e+05
1.405175413109860e+06
8.415578317846707e+05
5.180414810220577e+05
8.035684400496178e+05
8.806213038555039e+05
7.327614980697201e+04
1.571655033238555e+05
3.035948924646264e+05
8.899930924876114e+04
3.996216942141703e+04
1.254108384377128e+05
1.072389970019900e+05
1.075932015302236e+05
1.317348753742988e+04
1.097578706073306e+05
8.178228744496236e+04
1.092860836098382e+05
1.046328162027150e+05
1.024644153862736e+05
1.357094624552775e+05
1.544697038238396e+04
3.917630225539365e+04
1.840501144066597e+05
7.718789492595098e+04
1.267974170188966e+05
5.795845692760863e+04
7.718675961322352e+04
5.218872494210699e+04
1.055974915830952e+05
9.868011673853874e+04
1.023664384324441e+05
1.071903315888352e+05
8.551462438212287e+04
9.248546292100092e+04
9.626999296079240e+04
9.252285486267274e+04
1.055624588457352e+05
1.094034135437162e+05
9.564433008800907e+04
1.110685554243562e+05
8.869007719650163e+04
1.161271212772014e+05
1.137053801713480e+05
1.249369986569245e+05
1.004951323546075e+05
1.152363478947496e+05
9.406846319643491e+04
1.153692637371891e+05
8.132393345196254e+04
1.509550765226270e+05
1.477557907059144e+05
1.740305733746639e+05
1.221476059160855e+05
1.216575849581039e+05
1.433090720361098e+05
1.385298951302553e+05
1.623200484319982e+05
1.214058617604410e+05
1.255245916705590e+05
9.727758556925293e+04
9.516859700274083e+04
1.316208480651492e+05
1.280314142015010e+05
1.471625229768625e+05
1.034808334953814e+05
1.221773018840863e+05
9.718386097250326e+04
1.022072060179082e+05
7.252536349318339e+04
1.501551703511369e+05
1.497666621472467e+05
1.782660122542906e+05
